jour;three_class;hosp;rea;HospConv;SSR_USLD;autres;rad;dc
;;sum;sum;sum;sum;sum;sum;sum
2020-03-18;0-19;40;6;0.0;0.0;0.0;74;0
2020-03-18;20-59;770;218;0.0;0.0;0.0;424;11
2020-03-18;60+;2095;540;0.0;0.0;0.0;308;205
2020-03-18;whole;2972;771;0.0;0.0;0.0;816;218
2020-03-19;0-19;45;8;0.0;0.0;0.0;100;0
2020-03-19;20-59;1115;345;0.0;0.0;0.0;667;19
2020-03-19;60+;3200;754;0.0;0.0;0.0;508;347
2020-03-19;whole;4461;1122;0.0;0.0;0.0;1292;372
2020-03-20;0-19;47;7;0.0;0.0;0.0;118;0
2020-03-20;20-59;1349;411;0.0;0.0;0.0;804;20
2020-03-20;60+;3715;863;0.0;0.0;0.0;640;424
2020-03-20;whole;5226;1297;0.0;0.0;0.0;1587;450
2020-03-21;0-19;47;7;0.0;0.0;0.0;118;0
2020-03-21;20-59;1591;485;0.0;0.0;0.0;956;24
2020-03-21;60+;4411;1012;0.0;0.0;0.0;798;530
2020-03-21;whole;6172;1525;0.0;0.0;0.0;1896;562
2020-03-22;0-19;56;6;0.0;0.0;0.0;127;0
2020-03-22;20-59;1918;569;0.0;0.0;0.0;1109;28
2020-03-22;60+;5142;1150;0.0;0.0;0.0;939;638
2020-03-22;whole;7240;1746;0.0;0.0;0.0;2203;674
2020-03-23;0-19;64;12;0.0;0.0;0.0;144;0
2020-03-23;20-59;2328;692;0.0;0.0;0.0;1314;38
2020-03-23;60+;6152;1355;0.0;0.0;0.0;1074;812
2020-03-23;whole;8673;2080;0.0;0.0;0.0;2567;860
2020-03-24;0-19;60;10;0.0;0.0;0.0;171;0
2020-03-24;20-59;2734;847;0.0;0.0;0.0;1675;53
2020-03-24;60+;7244;1615;0.0;0.0;0.0;1392;1034
2020-03-24;whole;10163;2503;0.0;0.0;0.0;3281;1100
2020-03-25;0-19;70;14;0.0;0.0;0.0;195;1
2020-03-25;20-59;3231;978;0.0;0.0;0.0;2089;66
2020-03-25;60+;8623;1906;0.0;0.0;0.0;1748;1306
2020-03-25;whole;12072;2935;0.0;0.0;0.0;4085;1387
2020-03-26;0-19;81;16;0.0;0.0;0.0;209;1
2020-03-26;20-59;3692;1131;0.0;0.0;0.0;2534;84
2020-03-26;60+;9909;2159;0.0;0.0;0.0;2146;1593
2020-03-26;whole;13879;3351;0.0;0.0;0.0;4947;1695
2020-03-27;0-19;89;13;0.0;0.0;0.0;235;1
2020-03-27;20-59;4217;1263;0.0;0.0;0.0;2892;99
2020-03-27;60+;11185;2437;0.0;0.0;0.0;2503;1874
2020-03-27;whole;15701;3758;0.0;0.0;0.0;5698;1994
2020-03-28;0-19;99;16;0.0;0.0;0.0;251;1
2020-03-28;20-59;4754;1417;0.0;0.0;0.0;3344;119
2020-03-28;60+;12477;2748;0.0;0.0;0.0;2952;2171
2020-03-28;whole;17580;4236;0.0;0.0;0.0;6624;2313
2020-03-29;0-19;111;16;0.0;0.0;0.0;256;1
2020-03-29;20-59;5354;1558;0.0;0.0;0.0;3593;137
2020-03-29;60+;13576;2960;0.0;0.0;0.0;3198;2443
2020-03-29;whole;19311;4592;0.0;0.0;0.0;7131;2606
2020-03-30;0-19;122;22;0.0;0.0;0.0;275;1
2020-03-30;20-59;5812;1707;0.0;0.0;0.0;4016;160
2020-03-30;60+;14695;3242;0.0;0.0;0.0;3536;2825
2020-03-30;whole;20946;5056;0.0;0.0;0.0;7923;3024
2020-03-31;0-19;121;23;0.0;0.0;0.0;293;1
2020-03-31;20-59;6229;1872;0.0;0.0;0.0;4793;194
2020-03-31;60+;15977;3525;0.0;0.0;0.0;4229;3281
2020-03-31;whole;22672;5496;0.0;0.0;0.0;9443;3523
2020-04-01;0-19;129;29;0.0;0.0;0.0;307;1
2020-04-01;20-59;6678;2043;0.0;0.0;0.0;5496;232
2020-04-01;60+;17404;3802;0.0;0.0;0.0;4980;3750
2020-04-01;whole;24543;5940;0.0;0.0;0.0;10934;4032
2020-04-02;0-19;147;35;0.0;0.0;0.0;342;1
2020-04-02;20-59;7047;2172;0.0;0.0;0.0;6180;274
2020-04-02;60+;18598;4030;0.0;0.0;0.0;5738;4180
2020-04-02;whole;26131;6305;0.0;0.0;0.0;12427;4503
2020-04-03;0-19;158;39;0.0;0.0;0.0;368;1
2020-04-03;20-59;7251;2234;0.0;0.0;0.0;6855;320
2020-04-03;60+;19562;4215;0.0;0.0;0.0;6619;4721
2020-04-03;whole;27302;6556;0.0;0.0;0.0;14007;5091
2020-04-04;0-19;157;41;0.0;0.0;0.0;386;1
2020-04-04;20-59;7263;2306;0.0;0.0;0.0;7508;348
2020-04-04;60+;20256;4307;0.0;0.0;0.0;7371;5131
2020-04-04;whole;28003;6723;0.0;0.0;0.0;15437;5532
2020-04-05;0-19;159;43;0.0;0.0;0.0;399;1
2020-04-05;20-59;7402;2370;0.0;0.0;0.0;7856;381
2020-04-05;60+;20838;4374;0.0;0.0;0.0;7755;5454
2020-04-05;whole;28747;6859;0.0;0.0;0.0;16182;5889
2020-04-06;0-19;167;41;0.0;0.0;0.0;415;1
2020-04-06;20-59;7556;2414;0.0;0.0;0.0;8412;415
2020-04-06;60+;21524;4420;0.0;0.0;0.0;8249;6021
2020-04-06;whole;29569;6948;0.0;0.0;0.0;17249;6494
2020-04-07;0-19;167;43;0.0;0.0;0.0;450;1
2020-04-07;20-59;7471;2383;0.0;0.0;0.0;9271;462
2020-04-07;60+;21928;4507;0.0;0.0;0.0;9415;6570
2020-04-07;whole;29871;7004;0.0;0.0;0.0;19336;7091
2020-04-08;0-19;162;48;0.0;0.0;0.0;477;1
2020-04-08;20-59;7416;2385;0.0;0.0;0.0;10050;502
2020-04-08;60+;22337;4518;0.0;0.0;0.0;10516;7068
2020-04-08;whole;30217;7019;0.0;0.0;0.0;21253;7632
2020-04-09;0-19;157;41;0.0;0.0;0.0;521;1
2020-04-09;20-59;7250;2325;0.0;0.0;0.0;10814;535
2020-04-09;60+;22897;4502;0.0;0.0;0.0;11650;7446
2020-04-09;whole;30608;6937;0.0;0.0;0.0;23205;8044
2020-04-10;0-19;163;41;0.0;0.0;0.0;544;2
2020-04-10;20-59;7194;2301;0.0;0.0;0.0;11466;570
2020-04-10;60+;23457;4466;0.0;0.0;0.0;12691;7962
2020-04-10;whole;31108;6875;0.0;0.0;0.0;24931;8598
2020-04-11;0-19;170;40;0.0;0.0;0.0;563;2
2020-04-11;20-59;7029;2252;0.0;0.0;0.0;12046;596
2020-04-11;60+;23655;4394;0.0;0.0;0.0;13544;8278
2020-04-11;whole;31159;6752;0.0;0.0;0.0;26390;8943
2020-04-12;0-19;169;38;0.0;0.0;0.0;577;2
2020-04-12;20-59;7025;2239;0.0;0.0;0.0;12420;631
2020-04-12;60+;24172;4369;0.0;0.0;0.0;13946;8553
2020-04-12;whole;31665;6714;0.0;0.0;0.0;27185;9253
2020-04-13;0-19;181;39;0.0;0.0;0.0;586;3
2020-04-13;20-59;7052;2240;0.0;0.0;0.0;12663;651
2020-04-13;60+;24421;4345;0.0;0.0;0.0;14222;8871
2020-04-13;whole;31952;6690;0.0;0.0;0.0;27717;9588
2020-04-14;0-19;195;42;0.0;0.0;0.0;610;3
2020-04-14;20-59;6831;2162;0.0;0.0;0.0;13028;665
2020-04-14;60+;24833;4335;0.0;0.0;0.0;14928;9394
2020-04-14;whole;32131;6599;0.0;0.0;0.0;28804;10129
2020-04-15;0-19;187;42;0.0;0.0;0.0;640;3
2020-04-15;20-59;6570;2057;0.0;0.0;0.0;13787;696
2020-04-15;60+;24618;4176;0.0;0.0;0.0;16265;9873
2020-04-15;whole;31623;6331;0.0;0.0;0.0;30952;10643
2020-04-16;0-19;197;42;0.0;0.0;0.0;665;3
2020-04-16;20-59;6331;1984;0.0;0.0;0.0;14394;725
2020-04-16;60+;24422;4064;0.0;0.0;0.0;17425;10250
2020-04-16;whole;31172;6139;0.0;0.0;0.0;32806;11053
2020-04-17;0-19;186;43;0.0;0.0;0.0;690;3
2020-04-17;20-59;6202;1905;0.0;0.0;0.0;14907;756
2020-04-17;60+;24463;3925;0.0;0.0;0.0;18484;10637
2020-04-17;whole;31061;5922;0.0;0.0;0.0;34414;11470
2020-04-18;0-19;188;43;0.0;0.0;0.0;703;4
2020-04-18;20-59;5910;1835;0.0;0.0;0.0;15465;772
2020-04-18;60+;24224;3812;0.0;0.0;0.0;19468;10980
2020-04-18;whole;30515;5733;0.0;0.0;0.0;35977;11834
2020-04-19;0-19;180;42;0.0;0.0;0.0;721;4
2020-04-19;20-59;5829;1802;0.0;0.0;0.0;15741;787
2020-04-19;60+;24297;3771;0.0;0.0;0.0;19766;11192
2020-04-19;whole;30486;5644;0.0;0.0;0.0;36572;12061
2020-04-20;0-19;171;33;0.0;0.0;0.0;737;4
2020-04-20;20-59;5766;1769;0.0;0.0;0.0;16059;803
2020-04-20;60+;24343;3753;0.0;0.0;0.0;20263;11619
2020-04-20;whole;30462;5584;0.0;0.0;0.0;37403;12505
2020-04-21;0-19;165;35;0.0;0.0;0.0;757;5
2020-04-21;20-59;5560;1688;0.0;0.0;0.0;16652;821
2020-04-21;60+;24074;3584;0.0;0.0;0.0;21417;11986
2020-04-21;whole;29984;5334;0.0;0.0;0.0;39175;12892
2020-04-22;0-19;167;38;0.0;0.0;0.0;781;5
2020-04-22;20-59;5386;1617;0.0;0.0;0.0;17164;837
2020-04-22;60+;23896;3444;0.0;0.0;0.0;22354;12303
2020-04-22;whole;29627;5127;0.0;0.0;0.0;40651;13225
2020-04-23;0-19;161;36;0.0;0.0;0.0;802;5
2020-04-23;20-59;5207;1542;0.0;0.0;0.0;17578;856
2020-04-23;60+;23574;3360;0.0;0.0;0.0;23346;12592
2020-04-23;whole;29113;4967;0.0;0.0;0.0;42082;13536
2020-04-24;0-19;157;34;0.0;0.0;0.0;816;5
2020-04-24;20-59;5040;1477;0.0;0.0;0.0;17957;875
2020-04-24;60+;23194;3242;0.0;0.0;0.0;24354;12874
2020-04-24;whole;28554;4785;0.0;0.0;0.0;43486;13841
2020-04-25;0-19;165;40;0.0;0.0;0.0;827;5
2020-04-25;20-59;4847;1420;0.0;0.0;0.0;18318;889
2020-04-25;60+;22925;3140;0.0;0.0;0.0;25079;13056
2020-04-25;whole;28119;4641;0.0;0.0;0.0;44587;14039
2020-04-26;0-19;163;39;0.0;0.0;0.0;837;5
2020-04-26;20-59;4838;1413;0.0;0.0;0.0;18421;898
2020-04-26;60+;22928;3105;0.0;0.0;0.0;25273;13198
2020-04-26;whole;28114;4598;0.0;0.0;0.0;44896;14191
2020-04-27;0-19;162;40;0.0;0.0;0.0;847;5
2020-04-27;20-59;4799;1397;0.0;0.0;0.0;18587;906
2020-04-27;60+;22811;3050;0.0;0.0;0.0;25703;13484
2020-04-27;whole;27954;4526;0.0;0.0;0.0;45506;14486
2020-04-28;0-19;161;43;0.0;0.0;0.0;860;5
2020-04-28;20-59;4624;1325;0.0;0.0;0.0;18935;926
2020-04-28;60+;22423;2904;0.0;0.0;0.0;26711;13775
2020-04-28;whole;27385;4307;0.0;0.0;0.0;46879;14798
2020-04-29;0-19;153;39;0.0;0.0;0.0;880;5
2020-04-29;20-59;4487;1262;0.0;0.0;0.0;19280;941
2020-04-29;60+;21924;2796;0.0;0.0;0.0;27685;14003
2020-04-29;whole;26736;4128;0.0;0.0;0.0;48221;15041
2020-04-30;0-19;156;46;0.0;0.0;0.0;899;5
2020-04-30;20-59;4315;1202;0.0;0.0;0.0;19610;953
2020-04-30;60+;21547;2671;0.0;0.0;0.0;28580;14180
2020-04-30;whole;26192;3947;0.0;0.0;0.0;49469;15231
2020-05-01;0-19;152;45;0.0;0.0;0.0;909;5
2020-05-01;20-59;4212;1164;0.0;0.0;0.0;19761;961
2020-05-01;60+;21279;2583;0.0;0.0;0.0;29150;14289
2020-05-01;whole;25809;3819;0.0;0.0;0.0;50204;15350
2020-05-02;0-19;158;48;0.0;0.0;0.0;921;5
2020-05-02;20-59;4177;1145;0.0;0.0;0.0;19874;973
2020-05-02;60+;21252;2550;0.0;0.0;0.0;29374;14392
2020-05-02;whole;25751;3770;0.0;0.0;0.0;50554;15468
2020-05-03;0-19;155;48;0.0;0.0;0.0;928;5
2020-05-03;20-59;4182;1140;0.0;0.0;0.0;19937;975
2020-05-03;60+;21240;2545;0.0;0.0;0.0;29525;14486
2020-05-03;whole;25739;3762;0.0;0.0;0.0;50776;15564
2020-05-04;0-19;145;45;0.0;0.0;0.0;937;5
2020-05-04;20-59;4143;1114;0.0;0.0;0.0;20084;991
2020-05-04;60+;21023;2451;0.0;0.0;0.0;29955;14714
2020-05-04;whole;25472;3639;0.0;0.0;0.0;51363;15807
2020-05-05;0-19;143;41;0.0;0.0;0.0;954;5
2020-05-05;20-59;3979;1044;0.0;0.0;0.0;20386;1001
2020-05-05;60+;20413;2263;0.0;0.0;0.0;30994;14938
2020-05-05;whole;24701;3375;0.0;0.0;0.0;52728;16041
2020-05-06;0-19;138;35;0.0;0.0;0.0;970;5
2020-05-06;20-59;3850;956;0.0;0.0;0.0;20676;1015
2020-05-06;60+;19767;2080;0.0;0.0;0.0;31914;15103
2020-05-06;whole;23912;3095;0.0;0.0;0.0;53963;16218
2020-05-07;0-19;135;37;0.0;0.0;0.0;927;5
2020-05-07;20-59;3665;884;0.0;0.0;0.0;20929;1032
2020-05-07;60+;19186;1967;0.0;0.0;0.0;32755;15233
2020-05-07;whole;23139;2911;0.0;0.0;0.0;55018;16367
2020-05-08;0-19;135;33;0.0;0.0;0.0;940;5
2020-05-08;20-59;3581;854;0.0;0.0;0.0;21087;1041
2020-05-08;60+;18780;1911;0.0;0.0;0.0;33335;15334
2020-05-08;whole;22657;2820;0.0;0.0;0.0;55773;16478
2020-05-09;0-19;134;32;0.0;0.0;0.0;944;6
2020-05-09;20-59;3549;826;0.0;0.0;0.0;21161;1048
2020-05-09;60+;18704;1884;0.0;0.0;0.0;33513;15404
2020-05-09;whole;22547;2764;0.0;0.0;0.0;56029;16554
2020-05-10;0-19;132;30;0.0;0.0;0.0;950;6
2020-05-10;20-59;3546;823;0.0;0.0;0.0;21211;1052
2020-05-10;60+;18665;1853;0.0;0.0;0.0;33636;15468
2020-05-10;whole;22502;2728;0.0;0.0;0.0;56208;16623
2020-05-11;0-19;127;29;0.0;0.0;0.0;961;6
2020-05-11;20-59;3454;797;0.0;0.0;0.0;21370;1068
2020-05-11;60+;18480;1820;0.0;0.0;0.0;33971;15631
2020-05-11;whole;22219;2666;0.0;0.0;0.0;56715;16801
2020-05-12;0-19;124;29;0.0;0.0;0.0;965;6
2020-05-12;20-59;3325;749;0.0;0.0;0.0;21584;1076
2020-05-12;60+;17936;1704;0.0;0.0;0.0;34801;15805
2020-05-12;whole;21530;2496;0.0;0.0;0.0;57776;16984
2020-05-13;0-19;121;32;0.0;0.0;0.0;980;6
2020-05-13;20-59;3277;716;0.0;0.0;0.0;21724;1088
2020-05-13;60+;17472;1624;0.0;0.0;0.0;35529;15889
2020-05-13;whole;21009;2385;0.0;0.0;0.0;58664;17082
2020-05-14;0-19;111;24;0.0;0.0;0.0;998;6
2020-05-14;20-59;3200;678;0.0;0.0;0.0;21877;1098
2020-05-14;60+;16959;1543;0.0;0.0;0.0;36285;16002
2020-05-14;whole;20401;2256;0.0;0.0;0.0;59596;17205
2020-05-15;0-19;110;22;0.0;0.0;0.0;1005;6
2020-05-15;20-59;3111;645;0.0;0.0;0.0;22037;1099
2020-05-15;60+;16454;1485;0.0;0.0;0.0;36959;16117
2020-05-15;whole;19801;2162;0.0;0.0;0.0;60439;17323
2020-05-16;0-19;109;22;0.0;0.0;0.0;1014;6
2020-05-16;20-59;3031;633;0.0;0.0;0.0;22162;1104
2020-05-16;60+;16105;1425;0.0;0.0;0.0;37441;16182
2020-05-16;whole;19372;2091;0.0;0.0;0.0;61057;17393
2020-05-17;0-19;107;21;0.0;0.0;0.0;1018;6
2020-05-17;20-59;3018;617;0.0;0.0;0.0;22205;1109
2020-05-17;60+;16050;1398;0.0;0.0;0.0;37538;16231
2020-05-17;whole;19302;2047;0.0;0.0;0.0;61204;17447
2020-05-18;0-19;101;19;0.0;0.0;0.0;1027;6
2020-05-18;20-59;2955;583;0.0;0.0;0.0;22334;1121
2020-05-18;60+;15779;1346;0.0;0.0;0.0;37912;16342
2020-05-18;whole;18956;1958;0.0;0.0;0.0;61719;17570
2020-05-19;0-19;89;18;0.0;0.0;0.0;1047;6
2020-05-19;20-59;2834;545;0.0;0.0;0.0;22518;1127
2020-05-19;60+;15368;1281;0.0;0.0;0.0;38539;16460
2020-05-19;whole;18409;1854;0.0;0.0;0.0;62554;17695
2020-05-20;0-19;87;22;0.0;0.0;0.0;1058;6
2020-05-20;20-59;2777;511;0.0;0.0;0.0;22645;1134
2020-05-20;60+;14902;1210;0.0;0.0;0.0;39189;16549
2020-05-20;whole;17882;1754;0.0;0.0;0.0;63345;17793
2020-05-21;0-19;85;17;0.0;0.0;0.0;1070;6
2020-05-21;20-59;2724;502;0.0;0.0;0.0;22740;1137
2020-05-21;60+;14604;1179;0.0;0.0;0.0;39583;16603
2020-05-21;whole;17527;1708;0.0;0.0;0.0;63849;17851
2020-05-22;0-19;90;18;0.0;0.0;0.0;1070;6
2020-05-22;20-59;2685;492;0.0;0.0;0.0;22819;1144
2020-05-22;60+;14441;1144;0.0;0.0;0.0;39848;16669
2020-05-22;whole;17327;1664;0.0;0.0;0.0;64200;17925
2020-05-23;0-19;89;19;0.0;0.0;0.0;1075;6
2020-05-23;20-59;2627;481;0.0;0.0;0.0;22918;1145
2020-05-23;60+;14292;1118;0.0;0.0;0.0;40082;16711
2020-05-23;whole;17122;1628;0.0;0.0;0.0;64538;17968
2020-05-24;0-19;91;23;0.0;0.0;0.0;1078;6
2020-05-24;20-59;2631;473;0.0;0.0;0.0;22939;1147
2020-05-24;60+;14291;1112;0.0;0.0;0.0;40128;16744
2020-05-24;whole;17129;1618;0.0;0.0;0.0;64608;18003
2020-05-25;0-19;82;20;0.0;0.0;0.0;1088;6
2020-05-25;20-59;2604;461;0.0;0.0;0.0;23013;1157
2020-05-25;60+;13942;1081;0.0;0.0;0.0;40625;16822
2020-05-25;whole;16742;1572;0.0;0.0;0.0;65190;18093
2020-05-26;0-19;83;20;0.0;0.0;0.0;1092;6
2020-05-26;20-59;2537;446;0.0;0.0;0.0;23127;1165
2020-05-26;60+;13476;1042;0.0;0.0;0.0;41186;16896
2020-05-26;whole;16209;1519;0.0;0.0;0.0;65870;18175
2020-05-27;0-19;84;19;0.0;0.0;0.0;1097;6
2020-05-27;20-59;2443;428;0.0;0.0;0.0;23241;1170
2020-05-27;60+;12991;1009;0.0;0.0;0.0;41766;16955
2020-05-27;whole;15627;1467;0.0;0.0;0.0;66575;18240
2020-05-28;0-19;81;17;0.0;0.0;0.0;1104;6
2020-05-28;20-59;2379;402;0.0;0.0;0.0;23335;1182
2020-05-28;60+;12590;966;0.0;0.0;0.0;42269;17010
2020-05-28;whole;15155;1395;0.0;0.0;0.0;67182;18306
2020-05-29;0-19;80;17;0.0;0.0;0.0;1108;6
2020-05-29;20-59;2308;393;0.0;0.0;0.0;23445;1187
2020-05-29;60+;12152;910;0.0;0.0;0.0;42762;17066
2020-05-29;whole;14643;1328;0.0;0.0;0.0;67794;18367
2020-05-30;0-19;78;16;0.0;0.0;0.0;1116;6
2020-05-30;20-59;2241;379;0.0;0.0;0.0;23562;1187
2020-05-30;60+;11907;891;0.0;0.0;0.0;43101;17123
2020-05-30;whole;14329;1293;0.0;0.0;0.0;68259;18424
2020-05-31;0-19;77;15;0.0;0.0;0.0;1119;6
2020-05-31;20-59;2239;379;0.0;0.0;0.0;23587;1187
2020-05-31;60+;11850;886;0.0;0.0;0.0;43160;17154
2020-05-31;whole;14271;1287;0.0;0.0;0.0;68346;18455
2020-06-01;0-19;77;15;0.0;0.0;0.0;1121;6
2020-06-01;20-59;2230;375;0.0;0.0;0.0;23609;1187
2020-06-01;60+;11823;873;0.0;0.0;0.0;43221;17185
2020-06-01;whole;14237;1270;0.0;0.0;0.0;68431;18486
2020-06-02;0-19;72;14;0.0;0.0;0.0;1128;6
2020-06-02;20-59;2201;365;0.0;0.0;0.0;23699;1195
2020-06-02;60+;11602;836;0.0;0.0;0.0;43492;17261
2020-06-02;whole;13978;1221;0.0;0.0;0.0;68803;18570
2020-06-03;0-19;68;13;0.0;0.0;0.0;1134;6
2020-06-03;20-59;2145;354;0.0;0.0;0.0;23802;1199
2020-06-03;60+;11152;807;0.0;0.0;0.0;44023;17337
2020-06-03;whole;13465;1179;0.0;0.0;0.0;69446;18651
2020-06-04;0-19;73;14;0.0;0.0;0.0;1136;6
2020-06-04;20-59;2126;339;0.0;0.0;0.0;23862;1201
2020-06-04;60+;10757;773;0.0;0.0;0.0;44482;17379
2020-06-04;whole;13054;1133;0.0;0.0;0.0;69967;18695
2020-06-05;0-19;78;15;0.0;0.0;0.0;1138;6
2020-06-05;20-59;2081;321;0.0;0.0;0.0;23947;1204
2020-06-05;60+;10392;723;0.0;0.0;0.0;44922;17422
2020-06-05;whole;12650;1065;0.0;0.0;0.0;70494;18741
2020-06-06;0-19;79;14;0.0;0.0;0.0;1141;6
2020-06-06;20-59;2053;313;0.0;0.0;0.0;24007;1208
2020-06-06;60+;10205;697;0.0;0.0;0.0;45159;17449
2020-06-06;whole;12433;1030;0.0;0.0;0.0;70796;18772
2020-06-07;0-19;79;14;0.0;0.0;0.0;1141;6
2020-06-07;20-59;2049;310;0.0;0.0;0.0;24020;1209
2020-06-07;60+;10190;694;0.0;0.0;0.0;45182;17461
2020-06-07;whole;12415;1024;0.0;0.0;0.0;70832;18785
2020-06-08;0-19;76;13;0.0;0.0;0.0;1148;6
2020-06-08;20-59;2020;297;0.0;0.0;0.0;24075;1215
2020-06-08;60+;10076;679;0.0;0.0;0.0;45339;17509
2020-06-08;whole;12269;995;0.0;0.0;0.0;71052;18839
2020-06-09;0-19;72;10;0.0;0.0;0.0;1157;6
2020-06-09;20-59;1947;281;0.0;0.0;0.0;24181;1221
2020-06-09;60+;9804;629;0.0;0.0;0.0;45666;17556
2020-06-09;whole;11915;926;0.0;0.0;0.0;71496;18892
2020-06-10;0-19;71;11;0.0;0.0;0.0;1161;6
2020-06-10;20-59;1922;276;0.0;0.0;0.0;24233;1224
2020-06-10;60+;9549;611;0.0;0.0;0.0;45938;17576
2020-06-10;whole;11632;904;0.0;0.0;0.0;71822;18915
2020-06-11;0-19;70;12;0.0;0.0;0.0;1165;6
2020-06-11;20-59;1886;267;0.0;0.0;0.0;24297;1226
2020-06-11;60+;9375;590;0.0;0.0;0.0;46186;17602
2020-06-11;whole;11420;875;0.0;0.0;0.0;72139;18942
2020-06-12;0-19;69;12;0.0;0.0;0.0;1169;6
2020-06-12;20-59;1843;265;0.0;0.0;0.0;24372;1230
2020-06-12;60+;9080;568;0.0;0.0;0.0;46527;17626
2020-06-12;whole;11079;851;0.0;0.0;0.0;72562;18970
2020-06-13;0-19;68;11;0.0;0.0;0.0;1170;6
2020-06-13;20-59;1787;263;0.0;0.0;0.0;24435;1234
2020-06-13;60+;8925;563;0.0;0.0;0.0;46697;17646
2020-06-13;whole;10864;843;0.0;0.0;0.0;72798;18994
2020-06-14;0-19;65;11;0.0;0.0;0.0;1174;6
2020-06-14;20-59;1786;261;0.0;0.0;0.0;24449;1234
2020-06-14;60+;8901;564;0.0;0.0;0.0;46730;17655
2020-06-14;whole;10836;841;0.0;0.0;0.0;72849;19003
2020-06-15;0-19;69;11;0.0;0.0;0.0;1176;6
2020-06-15;20-59;1784;251;0.0;0.0;0.0;24483;1236
2020-06-15;60+;8771;551;0.0;0.0;0.0;46878;17682
2020-06-15;whole;10707;818;0.0;0.0;0.0;73034;19032
2020-06-16;0-19;65;9;0.0;0.0;0.0;1189;6
2020-06-16;20-59;1757;246;0.0;0.0;0.0;24538;1237
2020-06-16;60+;8582;532;0.0;0.0;0.0;47101;17719
2020-06-16;whole;10490;792;0.0;0.0;0.0;73325;19070
2020-06-17;0-19;63;9;0.0;0.0;0.0;1197;6
2020-06-17;20-59;1710;226;0.0;0.0;0.0;24612;1241
2020-06-17;60+;8364;505;0.0;0.0;0.0;47351;17743
2020-06-17;whole;10222;744;0.0;0.0;0.0;73657;19098
2020-06-18;0-19;64;9;0.0;0.0;0.0;1198;6
2020-06-18;20-59;1695;216;0.0;0.0;0.0;24650;1246
2020-06-18;60+;8236;495;0.0;0.0;0.0;47531;17766
2020-06-18;whole;10080;724;0.0;0.0;0.0;73877;19126
2020-06-19;0-19;64;8;0.0;0.0;0.0;1203;6
2020-06-19;20-59;1688;214;0.0;0.0;0.0;24681;1247
2020-06-19;60+;8087;474;0.0;0.0;0.0;47723;17779
2020-06-19;whole;9925;699;0.0;0.0;0.0;74107;19140
2020-06-20;0-19;60;7;0.0;0.0;0.0;1207;6
2020-06-20;20-59;1658;207;0.0;0.0;0.0;24737;1249
2020-06-20;60+;7990;470;0.0;0.0;0.0;47856;17793
2020-06-20;whole;9792;687;0.0;0.0;0.0;74302;19156
2020-06-21;0-19;59;7;0.0;0.0;0.0;1212;6
2020-06-21;20-59;1655;205;0.0;0.0;0.0;24764;1250
2020-06-21;60+;7982;472;0.0;0.0;0.0;47884;17799
2020-06-21;whole;9778;687;0.0;0.0;0.0;74362;19163
2020-06-22;0-19;70;7;0.0;0.0;0.0;1217;6
2020-06-22;20-59;1637;205;0.0;0.0;0.0;24819;1252
2020-06-22;60+;7857;458;0.0;0.0;0.0;48064;17820
2020-06-22;whole;9648;673;0.0;0.0;0.0;74602;19186
2020-06-23;0-19;70;7;0.0;0.0;0.0;1218;6
2020-06-23;20-59;1592;202;0.0;0.0;0.0;24886;1253
2020-06-23;60+;7700;442;0.0;0.0;0.0;48254;17845
2020-06-23;whole;9446;654;0.0;0.0;0.0;74861;19212
2020-06-24;0-19;65;5;0.0;0.0;0.0;1224;6
2020-06-24;20-59;1570;200;0.0;0.0;0.0;24939;1256
2020-06-24;60+;7541;422;0.0;0.0;0.0;48445;17853
2020-06-24;whole;9254;630;0.0;0.0;0.0;75117;19223
2020-06-25;0-19;57;6;0.0;0.0;0.0;1234;6
2020-06-25;20-59;1553;200;0.0;0.0;0.0;24990;1258
2020-06-25;60+;7408;414;0.0;0.0;0.0;48606;17872
2020-06-25;whole;9096;623;0.0;0.0;0.0;75341;19244
2020-06-26;0-19;54;6;0.0;0.0;0.0;1238;6
2020-06-26;20-59;1517;195;0.0;0.0;0.0;25043;1259
2020-06-26;60+;7193;402;0.0;0.0;0.0;48845;17897
2020-06-26;whole;8841;606;0.0;0.0;0.0;75639;19270
2020-06-27;0-19;54;6;0.0;0.0;0.0;1242;7
2020-06-27;20-59;1502;190;0.0;0.0;0.0;25085;1260
2020-06-27;60+;7083;395;0.0;0.0;0.0;48961;17910
2020-06-27;whole;8715;594;0.0;0.0;0.0;75803;19285
2020-06-28;0-19;56;6;0.0;0.0;0.0;1243;7
2020-06-28;20-59;1509;191;0.0;0.0;0.0;25100;1260
2020-06-28;60+;7086;394;0.0;0.0;0.0;48975;17912
2020-06-28;whole;8727;594;0.0;0.0;0.0;75833;19287
2020-06-29;0-19;58;6;0.0;0.0;0.0;1246;7
2020-06-29;20-59;1489;192;0.0;0.0;0.0;25144;1261
2020-06-29;60+;7020;389;0.0;0.0;0.0;49083;17929
2020-06-29;whole;8643;591;0.0;0.0;0.0;75989;19305
2020-06-30;0-19;54;6;0.0;0.0;0.0;1252;7
2020-06-30;20-59;1463;184;0.0;0.0;0.0;25226;1262
2020-06-30;60+;6897;379;0.0;0.0;0.0;49271;17949
2020-06-30;whole;8491;574;0.0;0.0;0.0;76264;19326
2020-07-01;0-19;53;6;0.0;0.0;0.0;1258;7
2020-07-01;20-59;1432;177;0.0;0.0;0.0;25296;1261
2020-07-01;60+;6736;366;0.0;0.0;0.0;49465;17968
2020-07-01;whole;8291;554;0.0;0.0;0.0;76539;19344
2020-07-02;0-19;49;6;0.0;0.0;0.0;1263;7
2020-07-02;20-59;1402;177;0.0;0.0;0.0;25365;1261
2020-07-02;60+;6584;358;0.0;0.0;0.0;49644;17982
2020-07-02;whole;8103;545;0.0;0.0;0.0;76792;19358
2020-07-03;0-19;48;6;0.0;0.0;0.0;1267;7
2020-07-03;20-59;1381;172;0.0;0.0;0.0;25444;1262
2020-07-03;60+;6449;351;0.0;0.0;0.0;49816;17998
2020-07-03;whole;7946;533;0.0;0.0;0.0;77049;19376
2020-07-04;0-19;47;6;0.0;0.0;0.0;1272;7
2020-07-04;20-59;1362;167;0.0;0.0;0.0;25479;1262
2020-07-04;60+;6386;340;0.0;0.0;0.0;49887;18010
2020-07-04;whole;7863;517;0.0;0.0;0.0;77160;19388
2020-07-05;0-19;44;6;0.0;0.0;0.0;1275;7
2020-07-05;20-59;1364;167;0.0;0.0;0.0;25483;1262
2020-07-05;60+;6386;344;0.0;0.0;0.0;49899;18012
2020-07-05;whole;7863;521;0.0;0.0;0.0;77179;19390
2020-07-06;0-19;46;6;0.0;0.0;0.0;1276;7
2020-07-06;20-59;1351;166;0.0;0.0;0.0;25524;1263
2020-07-06;60+;6341;345;0.0;0.0;0.0;49986;18024
2020-07-06;whole;7806;521;0.0;0.0;0.0;77308;19403
2020-07-07;0-19;47;5;0.0;0.0;0.0;1279;7
2020-07-07;20-59;1303;161;0.0;0.0;0.0;25602;1266
2020-07-07;60+;6133;341;0.0;0.0;0.0;50241;18054
2020-07-07;whole;7550;511;0.0;0.0;0.0;77644;19437
2020-07-08;0-19;43;4;0.0;0.0;0.0;1286;7
2020-07-08;20-59;1238;158;0.0;0.0;0.0;25708;1266
2020-07-08;60+;5910;337;0.0;0.0;0.0;50467;18086
2020-07-08;whole;7254;503;0.0;0.0;0.0;77985;19469
2020-07-09;0-19;44;5;0.0;0.0;0.0;1290;7
2020-07-09;20-59;1222;155;0.0;0.0;0.0;25746;1266
2020-07-09;60+;5806;323;0.0;0.0;0.0;50598;18100
2020-07-09;whole;7134;486;0.0;0.0;0.0;78159;19483
2020-07-10;0-19;47;5;0.0;0.0;0.0;1292;7
2020-07-10;20-59;1210;156;0.0;0.0;0.0;25797;1266
2020-07-10;60+;5702;307;0.0;0.0;0.0;50762;18125
2020-07-10;whole;7020;471;0.0;0.0;0.0;78377;19508
2020-07-11;0-19;51;6;0.0;0.0;0.0;1292;7
2020-07-11;20-59;1208;156;0.0;0.0;0.0;25826;1266
2020-07-11;60+;5675;305;0.0;0.0;0.0;50810;18131
2020-07-11;whole;6995;470;0.0;0.0;0.0;78454;19514
2020-07-12;0-19;48;6;0.0;0.0;0.0;1295;7
2020-07-12;20-59;1209;159;0.0;0.0;0.0;25841;1266
2020-07-12;60+;5672;305;0.0;0.0;0.0;50824;18132
2020-07-12;whole;6991;473;0.0;0.0;0.0;78486;19515
2020-07-13;0-19;49;6;0.0;0.0;0.0;1298;7
2020-07-13;20-59;1206;155;0.0;0.0;0.0;25863;1271
2020-07-13;60+;5623;303;0.0;0.0;0.0;50899;18145
2020-07-13;whole;6941;467;0.0;0.0;0.0;78586;19533
2020-07-14;0-19;48;6;0.0;0.0;0.0;1301;7
2020-07-14;20-59;1198;153;0.0;0.0;0.0;25892;1271
2020-07-14;60+;5598;303;0.0;0.0;0.0;50951;18151
2020-07-14;whole;6907;465;0.0;0.0;0.0;78670;19539
2020-07-15;0-19;45;6;0.0;0.0;0.0;1308;7
2020-07-15;20-59;1198;154;0.0;0.0;0.0;25935;1275
2020-07-15;60+;5567;294;0.0;0.0;0.0;51040;18167
2020-07-15;whole;6873;457;0.0;0.0;0.0;78809;19559
2020-07-16;0-19;48;6;0.0;0.0;0.0;1312;7
2020-07-16;20-59;1183;150;0.0;0.0;0.0;25984;1275
2020-07-16;60+;5461;297;0.0;0.0;0.0;51202;18184
2020-07-16;whole;6754;456;0.0;0.0;0.0;79025;19577
2020-07-17;0-19;45;6;0.0;0.0;0.0;1319;7
2020-07-17;20-59;1175;152;0.0;0.0;0.0;26034;1276
2020-07-17;60+;5365;290;0.0;0.0;0.0;51351;18197
2020-07-17;whole;6646;452;0.0;0.0;0.0;79233;19591
2020-07-18;0-19;46;7;0.0;0.0;0.0;1320;7
2020-07-18;20-59;1162;152;0.0;0.0;0.0;26063;1278
2020-07-18;60+;5345;287;0.0;0.0;0.0;51410;18203
2020-07-18;whole;6614;450;0.0;0.0;0.0;79322;19599
2020-07-19;0-19;47;7;0.0;0.0;0.0;1322;7
2020-07-19;20-59;1158;151;0.0;0.0;0.0;26087;1278
2020-07-19;60+;5318;286;0.0;0.0;0.0;51445;18204
2020-07-19;whole;6583;448;0.0;0.0;0.0;79384;19600
2020-07-20;0-19;44;5;0.0;0.0;0.0;1331;8
2020-07-20;20-59;1156;153;0.0;0.0;0.0;26141;1281
2020-07-20;60+;5289;280;0.0;0.0;0.0;51527;18216
2020-07-20;whole;6547;442;0.0;0.0;0.0;79530;19616
2020-07-21;0-19;48;5;0.0;0.0;0.0;1336;7
2020-07-21;20-59;1139;150;0.0;0.0;0.0;26205;1283
2020-07-21;60+;5194;271;0.0;0.0;0.0;51650;18227
2020-07-21;whole;6440;430;0.0;0.0;0.0;79723;19629
2020-07-22;0-19;44;5;0.0;0.0;0.0;1345;7
2020-07-22;20-59;1097;141;0.0;0.0;0.0;26286;1283
2020-07-22;60+;5124;270;0.0;0.0;0.0;51783;18234
2020-07-22;whole;6324;420;0.0;0.0;0.0;79946;19636
2020-07-23;0-19;43;5;0.0;0.0;0.0;1352;7
2020-07-23;20-59;1052;136;0.0;0.0;0.0;26371;1284
2020-07-23;60+;4764;265;0.0;0.0;0.0;52200;18243
2020-07-23;whole;5915;411;0.0;0.0;0.0;80461;19646
2020-07-24;0-19;49;5;0.0;0.0;0.0;1353;7
2020-07-24;20-59;1017;119;0.0;0.0;0.0;26443;1286
2020-07-24;60+;4559;257;0.0;0.0;0.0;52468;18251
2020-07-24;whole;5678;385;0.0;0.0;0.0;80804;19656
2020-07-25;0-19;49;4;0.0;0.0;0.0;1363;7
2020-07-25;20-59;1018;113;0.0;0.0;0.0;26478;1286
2020-07-25;60+;4515;248;0.0;0.0;0.0;52533;18259
2020-07-25;whole;5634;368;0.0;0.0;0.0;80915;19664
2020-07-26;0-19;54;4;0.0;0.0;0.0;1364;7
2020-07-26;20-59;1026;113;0.0;0.0;0.0;26496;1286
2020-07-26;60+;4508;247;0.0;0.0;0.0;52546;18260
2020-07-26;whole;5640;367;0.0;0.0;0.0;80947;19665
2020-07-27;0-19;57;4;0.0;0.0;0.0;1367;7
2020-07-27;20-59;1017;117;0.0;0.0;0.0;26544;1289
2020-07-27;60+;4487;250;0.0;0.0;0.0;52618;18265
2020-07-27;whole;5614;374;0.0;0.0;0.0;81071;19673
2020-07-28;0-19;51;4;0.0;0.0;0.0;1379;7
2020-07-28;20-59;998;115;0.0;0.0;0.0;26623;1290
2020-07-28;60+;4408;239;0.0;0.0;0.0;52756;18280
2020-07-28;whole;5510;361;0.0;0.0;0.0;81300;19688
2020-07-29;0-19;52;4;0.0;0.0;0.0;1383;7
2020-07-29;20-59;972;108;0.0;0.0;0.0;26688;1293
2020-07-29;60+;4331;240;0.0;0.0;0.0;52874;18292
2020-07-29;whole;5409;356;0.0;0.0;0.0;81489;19703
2020-07-30;0-19;51;5;0.0;0.0;0.0;1393;7
2020-07-30;20-59;960;108;0.0;0.0;0.0;26736;1293
2020-07-30;60+;4270;240;0.0;0.0;0.0;52982;18308
2020-07-30;whole;5334;357;0.0;0.0;0.0;81656;19719
2020-07-31;0-19;49;4;0.0;0.0;0.0;1405;7
2020-07-31;20-59;949;102;0.0;0.0;0.0;26794;1293
2020-07-31;60+;4209;238;0.0;0.0;0.0;53126;18319
2020-07-31;whole;5257;347;0.0;0.0;0.0;81870;19730
2020-08-01;0-19;50;4;0.0;0.0;0.0;1406;7
2020-08-01;20-59;940;97;0.0;0.0;0.0;26825;1293
2020-08-01;60+;4137;240;0.0;0.0;0.0;53239;18325
2020-08-01;whole;5177;344;0.0;0.0;0.0;82016;19736
2020-08-02;0-19;53;4;0.0;0.0;0.0;1406;7
2020-08-02;20-59;943;96;0.0;0.0;0.0;26832;1293
2020-08-02;60+;4141;242;0.0;0.0;0.0;53245;18326
2020-08-02;whole;5188;345;0.0;0.0;0.0;82029;19737
2020-08-03;0-19;52;3;0.0;0.0;0.0;1415;7
2020-08-03;20-59;946;101;0.0;0.0;0.0;26884;1294
2020-08-03;60+;4109;254;0.0;0.0;0.0;53309;18347
2020-08-03;whole;5157;360;0.0;0.0;0.0;82155;19759
2020-08-04;0-19;51;4;0.0;0.0;0.0;1422;7
2020-08-04;20-59;952;103;0.0;0.0;0.0;26932;1297
2020-08-04;60+;4067;255;0.0;0.0;0.0;53406;18355
2020-08-04;whole;5121;364;0.0;0.0;0.0;82307;19770
2020-08-05;0-19;51;4;0.0;0.0;0.0;1429;7
2020-08-05;20-59;942;97;0.0;0.0;0.0;26988;1298
2020-08-05;60+;4063;257;0.0;0.0;0.0;53485;18363
2020-08-05;whole;5107;360;0.0;0.0;0.0;82449;19779
2020-08-06;0-19;54;6;0.0;0.0;0.0;1435;7
2020-08-06;20-59;945;100;0.0;0.0;0.0;27039;1299
2020-08-06;60+;3970;258;0.0;0.0;0.0;53637;18369
2020-08-06;whole;5019;366;0.0;0.0;0.0;82659;19786
2020-08-07;0-19;49;8;0.0;0.0;0.0;1444;7
2020-08-07;20-59;941;95;0.0;0.0;0.0;27086;1302
2020-08-07;60+;3930;254;0.0;0.0;0.0;53747;18378
2020-08-07;whole;4970;359;0.0;0.0;0.0;82825;19798
2020-08-08;0-19;53;8;0.0;0.0;0.0;1444;7
2020-08-08;20-59;939;97;0.0;0.0;0.0;27121;1302
2020-08-08;60+;3938;259;0.0;0.0;0.0;53768;18380
2020-08-08;whole;4981;366;0.0;0.0;0.0;82881;19800
2020-08-09;0-19;54;9;0.0;0.0;0.0;1444;7
2020-08-09;20-59;944;97;0.0;0.0;0.0;27125;1302
2020-08-09;60+;3943;260;0.0;0.0;0.0;53769;18380
2020-08-09;whole;4992;368;0.0;0.0;0.0;82886;19800
2020-08-10;0-19;56;8;0.0;0.0;0.0;1447;7
2020-08-10;20-59;947;98;0.0;0.0;0.0;27189;1306
2020-08-10;60+;3952;264;0.0;0.0;0.0;53850;18390
2020-08-10;whole;5004;372;0.0;0.0;0.0;83036;19814
2020-08-11;0-19;63;8;0.0;0.0;0.0;1454;7
2020-08-11;20-59;932;93;0.0;0.0;0.0;27264;1307
2020-08-11;60+;3927;265;0.0;0.0;0.0;53958;18404
2020-08-11;whole;4971;367;0.0;0.0;0.0;83226;19829
2020-08-12;0-19;58;6;0.0;0.0;0.0;1462;7
2020-08-12;20-59;913;90;0.0;0.0;0.0;27331;1310
2020-08-12;60+;3832;258;0.0;0.0;0.0;54118;18418
2020-08-12;whole;4850;355;0.0;0.0;0.0;83461;19846
2020-08-13;0-19;49;6;0.0;0.0;0.0;1475;7
2020-08-13;20-59;925;89;0.0;0.0;0.0;27389;1310
2020-08-13;60+;3802;255;0.0;0.0;0.0;54236;18435
2020-08-13;whole;4824;351;0.0;0.0;0.0;83651;19863
2020-08-14;0-19;48;6;0.0;0.0;0.0;1483;7
2020-08-14;20-59;918;85;0.0;0.0;0.0;27455;1312
2020-08-14;60+;3773;252;0.0;0.0;0.0;54347;18451
2020-08-14;whole;4788;344;0.0;0.0;0.0;83836;19881
2020-08-15;0-19;46;6;0.0;0.0;0.0;1486;7
2020-08-15;20-59;923;90;0.0;0.0;0.0;27479;1312
2020-08-15;60+;3797;256;0.0;0.0;0.0;54364;18454
2020-08-15;whole;4817;353;0.0;0.0;0.0;83880;19884
2020-08-16;0-19;46;6;0.0;0.0;0.0;1490;7
2020-08-16;20-59;924;92;0.0;0.0;0.0;27495;1312
2020-08-16;60+;3799;254;0.0;0.0;0.0;54373;18455
2020-08-16;whole;4820;353;0.0;0.0;0.0;83909;19885
2020-08-17;0-19;53;6;0.0;0.0;0.0;1495;7
2020-08-17;20-59;954;96;0.0;0.0;0.0;27552;1312
2020-08-17;60+;3827;256;0.0;0.0;0.0;54454;18474
2020-08-17;whole;4885;361;0.0;0.0;0.0;84053;19904
2020-08-18;0-19;48;6;0.0;0.0;0.0;1504;7
2020-08-18;20-59;943;100;0.0;0.0;0.0;27632;1314
2020-08-18;60+;3741;249;0.0;0.0;0.0;54608;18488
2020-08-18;whole;4783;357;0.0;0.0;0.0;84297;19920
2020-08-19;0-19;48;5;0.0;0.0;0.0;1510;7
2020-08-19;20-59;952;98;0.0;0.0;0.0;27686;1314
2020-08-19;60+;3731;257;0.0;0.0;0.0;54690;18505
2020-08-19;whole;4781;362;0.0;0.0;0.0;84440;19937
2020-08-20;0-19;48;6;0.0;0.0;0.0;1514;7
2020-08-20;20-59;944;102;0.0;0.0;0.0;27745;1314
2020-08-20;60+;3679;258;0.0;0.0;0.0;54802;18517
2020-08-20;whole;4723;368;0.0;0.0;0.0;84615;19949
2020-08-21;0-19;43;4;0.0;0.0;0.0;1529;7
2020-08-21;20-59;962;107;0.0;0.0;0.0;27818;1317
2020-08-21;60+;3667;255;0.0;0.0;0.0;54897;18536
2020-08-21;whole;4720;367;0.0;0.0;0.0;84802;19972
2020-08-22;0-19;45;5;0.0;0.0;0.0;1534;7
2020-08-22;20-59;961;107;0.0;0.0;0.0;27858;1318
2020-08-22;60+;3626;255;0.0;0.0;0.0;54972;18543
2020-08-22;whole;4685;368;0.0;0.0;0.0;84923;19980
2020-08-23;0-19;47;6;0.0;0.0;0.0;1536;7
2020-08-23;20-59;960;108;0.0;0.0;0.0;27873;1318
2020-08-23;60+;3623;256;0.0;0.0;0.0;54978;18544
2020-08-23;whole;4683;371;0.0;0.0;0.0;84946;19981
2020-08-24;0-19;43;6;0.0;0.0;0.0;1549;7
2020-08-24;20-59;943;115;0.0;0.0;0.0;27983;1318
2020-08-24;60+;3622;264;0.0;0.0;0.0;55081;18559
2020-08-24;whole;4664;387;0.0;0.0;0.0;85172;19996
2020-08-25;0-19;46;7;0.0;0.0;0.0;1556;7
2020-08-25;20-59;928;111;0.0;0.0;0.0;28096;1320
2020-08-25;60+;3549;281;0.0;0.0;0.0;55279;18577
2020-08-25;whole;4578;401;0.0;0.0;0.0;85494;20016
2020-08-26;0-19;46;5;0.0;0.0;0.0;1560;7
2020-08-26;20-59;914;104;0.0;0.0;0.0;28208;1322
2020-08-26;60+;3528;263;0.0;0.0;0.0;55394;18592
2020-08-26;whole;4535;373;0.0;0.0;0.0;85731;20034
2020-08-27;0-19;49;5;0.0;0.0;0.0;1570;7
2020-08-27;20-59;923;102;0.0;0.0;0.0;28285;1323
2020-08-27;60+;3498;266;0.0;0.0;0.0;55528;18603
2020-08-27;whole;4517;375;0.0;0.0;0.0;85954;20046
2020-08-28;0-19;53;6;0.0;0.0;0.0;1576;7
2020-08-28;20-59;932;107;0.0;0.0;0.0;28360;1324
2020-08-28;60+;3484;266;0.0;0.0;0.0;55640;18620
2020-08-28;whole;4517;381;0.0;0.0;0.0;86147;20065
2020-08-29;0-19;58;6;0.0;0.0;0.0;1581;7
2020-08-29;20-59;919;108;0.0;0.0;0.0;28413;1326
2020-08-29;60+;3485;278;0.0;0.0;0.0;55702;18624
2020-08-29;whole;4512;394;0.0;0.0;0.0;86268;20071
2020-08-30;0-19;60;7;0.0;0.0;0.0;1582;7
2020-08-30;20-59;914;107;0.0;0.0;0.0;28419;1326
2020-08-30;60+;3493;280;0.0;0.0;0.0;55707;18628
2020-08-30;whole;4517;396;0.0;0.0;0.0;86280;20075
2020-08-31;0-19;60;8;0.0;0.0;0.0;1594;7
2020-08-31;20-59;930;107;0.0;0.0;0.0;28486;1330
2020-08-31;60+;3525;286;0.0;0.0;0.0;55786;18653
2020-08-31;whole;4564;403;0.0;0.0;0.0;86439;20104
2020-09-01;0-19;59;5;0.0;0.0;0.0;1605;7
2020-09-01;20-59;940;113;0.0;0.0;0.0;28596;1331
2020-09-01;60+;3542;299;0.0;0.0;0.0;55907;18671
2020-09-01;whole;4586;418;0.0;0.0;0.0;86682;20123
2020-09-02;0-19;60;6;0.0;0.0;0.0;1616;7
2020-09-02;20-59;954;122;0.0;0.0;0.0;28695;1333
2020-09-02;60+;3553;311;0.0;0.0;0.0;56048;18694
2020-09-02;whole;4614;440;0.0;0.0;0.0;86933;20148
2020-09-03;0-19;60;6;0.0;0.0;0.0;1630;7
2020-09-03;20-59;940;129;0.0;0.0;0.0;28810;1333
2020-09-03;60+;3580;322;0.0;0.0;0.0;56160;18714
2020-09-03;whole;4625;458;0.0;0.0;0.0;87176;20168
2020-09-04;0-19;66;7;0.0;0.0;0.0;1644;7
2020-09-04;20-59;956;133;0.0;0.0;0.0;28904;1336
2020-09-04;60+;3586;326;0.0;0.0;0.0;56293;18729
2020-09-04;whole;4653;467;0.0;0.0;0.0;87417;20186
2020-09-05;0-19;65;9;0.0;0.0;0.0;1653;7
2020-09-05;20-59;967;135;0.0;0.0;0.0;28956;1337
2020-09-05;60+;3592;331;0.0;0.0;0.0;56363;18740
2020-09-05;whole;4667;476;0.0;0.0;0.0;87549;20198
2020-09-06;0-19;64;9;0.0;0.0;0.0;1654;7
2020-09-06;20-59;975;135;0.0;0.0;0.0;28969;1337
2020-09-06;60+;3615;335;0.0;0.0;0.0;56378;18743
2020-09-06;whole;4697;480;0.0;0.0;0.0;87578;20201
2020-09-07;0-19;70;11;0.0;0.0;0.0;1666;7
2020-09-07;20-59;1044;150;0.0;0.0;0.0;29066;1339
2020-09-07;60+;3731;367;0.0;0.0;0.0;56496;18766
2020-09-07;whole;4889;531;0.0;0.0;0.0;87806;20226
2020-09-08;0-19;72;9;0.0;0.0;0.0;1678;7
2020-09-08;20-59;1064;151;0.0;0.0;0.0;29234;1341
2020-09-08;60+;3761;405;0.0;0.0;0.0;56705;18802
2020-09-08;whole;4942;568;0.0;0.0;0.0;88196;20265
2020-09-09;0-19;69;10;0.0;0.0;0.0;1691;7
2020-09-09;20-59;1063;163;0.0;0.0;0.0;29365;1341
2020-09-09;60+;3809;416;0.0;0.0;0.0;56858;18832
2020-09-09;whole;4985;593;0.0;0.0;0.0;88494;20295
2020-09-10;0-19;62;7;0.0;0.0;0.0;1701;7
2020-09-10;20-59;1080;167;0.0;0.0;0.0;29470;1344
2020-09-10;60+;3893;431;0.0;0.0;0.0;56966;18847
2020-09-10;whole;5077;608;0.0;0.0;0.0;88712;20314
2020-09-11;0-19;68;5;0.0;0.0;0.0;1711;7
2020-09-11;20-59;1096;180;0.0;0.0;0.0;29607;1346
2020-09-11;60+;3935;441;0.0;0.0;0.0;57132;18883
2020-09-11;whole;5136;628;0.0;0.0;0.0;89029;20354
2020-09-12;0-19;57;5;0.0;0.0;0.0;1721;7
2020-09-12;20-59;1103;190;0.0;0.0;0.0;29667;1347
2020-09-12;60+;3979;456;0.0;0.0;0.0;57232;18899
2020-09-12;whole;5176;655;0.0;0.0;0.0;89201;20371
2020-09-13;0-19;57;5;0.0;0.0;0.0;1723;7
2020-09-13;20-59;1123;194;0.0;0.0;0.0;29687;1347
2020-09-13;60+;4010;459;0.0;0.0;0.0;57249;18905
2020-09-13;whole;5228;662;0.0;0.0;0.0;89240;20377
2020-09-14;0-19;57;5;0.0;0.0;0.0;1737;7
2020-09-14;20-59;1177;207;0.0;0.0;0.0;29795;1347
2020-09-14;60+;4205;490;0.0;0.0;0.0;57364;18939
2020-09-14;whole;5479;705;0.0;0.0;0.0;89477;20411
2020-09-15;0-19;56;6;0.0;0.0;0.0;1754;7
2020-09-15;20-59;1190;210;0.0;0.0;0.0;29975;1349
2020-09-15;60+;4374;532;0.0;0.0;0.0;57547;18972
2020-09-15;whole;5660;752;0.0;0.0;0.0;89861;20447
2020-09-16;0-19;58;5;0.0;0.0;0.0;1768;7
2020-09-16;20-59;1209;214;0.0;0.0;0.0;30156;1349
2020-09-16;60+;4494;573;0.0;0.0;0.0;57791;19018
2020-09-16;whole;5800;796;0.0;0.0;0.0;90305;20493
2020-09-17;0-19;68;4;0.0;0.0;0.0;1779;7
2020-09-17;20-59;1190;204;0.0;0.0;0.0;30351;1351
2020-09-17;60+;4522;580;0.0;0.0;0.0;58090;19066
2020-09-17;whole;5825;793;0.0;0.0;0.0;90810;20543
2020-09-18;0-19;68;6;0.0;0.0;0.0;1800;7
2020-09-18;20-59;1204;199;0.0;0.0;0.0;30544;1353
2020-09-18;60+;4484;610;0.0;0.0;0.0;58604;19186
2020-09-18;whole;5800;820;0.0;0.0;0.0;91544;20665
2020-09-19;0-19;69;7;0.0;0.0;0.0;1812;7
2020-09-19;20-59;1179;194;0.0;0.0;0.0;30702;1354
2020-09-19;60+;4211;622;0.0;0.0;0.0;59165;19210
2020-09-19;whole;5493;827;0.0;0.0;0.0;92289;20690
2020-09-20;0-19;67;7;0.0;0.0;0.0;1815;7
2020-09-20;20-59;1179;197;0.0;0.0;0.0;30747;1356
2020-09-20;60+;4076;625;0.0;0.0;0.0;59377;19219
2020-09-20;whole;5356;834;0.0;0.0;0.0;92552;20701
2020-09-21;0-19;70;7;0.0;0.0;0.0;1831;7
2020-09-21;20-59;1214;215;0.0;0.0;0.0;30916;1356
2020-09-21;60+;4278;683;0.0;0.0;0.0;59615;19272
2020-09-21;whole;5597;912;0.0;0.0;0.0;92978;20754
2020-09-22;0-19;72;9;0.0;0.0;0.0;1846;7
2020-09-22;20-59;1244;217;0.0;0.0;0.0;31145;1358
2020-09-22;60+;4415;709;0.0;0.0;0.0;59898;19337
2020-09-22;whole;5777;944;0.0;0.0;0.0;93508;20821
2020-09-23;0-19;64;10;0.0;0.0;0.0;1868;7
2020-09-23;20-59;1266;236;0.0;0.0;0.0;31314;1361
2020-09-23;60+;4543;741;0.0;0.0;0.0;60147;19377
2020-09-23;whole;5913;995;0.0;0.0;0.0;93952;20864
2020-09-24;0-19;58;9;0.0;0.0;0.0;1886;7
2020-09-24;20-59;1297;256;0.0;0.0;0.0;31481;1365
2020-09-24;60+;4614;769;0.0;0.0;0.0;60390;19424
2020-09-24;whole;6012;1041;0.0;0.0;0.0;94383;20916
2020-09-25;0-19;53;9;0.0;0.0;0.0;1902;7
2020-09-25;20-59;1313;267;0.0;0.0;0.0;31657;1367
2020-09-25;60+;4700;808;0.0;0.0;0.0;60677;19477
2020-09-25;whole;6110;1092;0.0;0.0;0.0;94860;20971
2020-09-26;0-19;51;9;0.0;0.0;0.0;1910;7
2020-09-26;20-59;1312;256;0.0;0.0;0.0;31786;1371
2020-09-26;60+;4746;832;0.0;0.0;0.0;60948;19512
2020-09-26;whole;6154;1105;0.0;0.0;0.0;95272;21010
2020-09-27;0-19;51;9;0.0;0.0;0.0;1912;7
2020-09-27;20-59;1340;256;0.0;0.0;0.0;31832;1372
2020-09-27;60+;4800;838;0.0;0.0;0.0;61022;19538
2020-09-27;whole;6235;1112;0.0;0.0;0.0;95395;21037
2020-09-28;0-19;52;8;0.0;0.0;0.0;1920;7
2020-09-28;20-59;1375;263;0.0;0.0;0.0;31960;1375
2020-09-28;60+;4926;876;0.0;0.0;0.0;61232;19615
2020-09-28;whole;6397;1158;0.0;0.0;0.0;95743;21118
2020-09-29;0-19;50;6;0.0;0.0;0.0;1934;7
2020-09-29;20-59;1365;273;0.0;0.0;0.0;32169;1377
2020-09-29;60+;5024;907;0.0;0.0;0.0;61561;19672
2020-09-29;whole;6482;1198;0.0;0.0;0.0;96296;21177
2020-09-30;0-19;46;6;0.0;0.0;0.0;1954;7
2020-09-30;20-59;1353;275;0.0;0.0;0.0;32357;1381
2020-09-30;60+;5130;943;0.0;0.0;0.0;61820;19731
2020-09-30;whole;6572;1232;0.0;0.0;0.0;96766;21240
2020-10-01;0-19;52;7;0.0;0.0;0.0;1965;7
2020-10-01;20-59;1366;284;0.0;0.0;0.0;32523;1382
2020-10-01;60+;5173;960;0.0;0.0;0.0;62114;19793
2020-10-01;whole;6634;1259;0.0;0.0;0.0;97240;21303
2020-10-02;0-19;56;7;0.0;0.0;0.0;1977;7
2020-10-02;20-59;1413;283;0.0;0.0;0.0;32687;1383
2020-10-02;60+;5231;973;0.0;0.0;0.0;62443;19839
2020-10-02;whole;6740;1270;0.0;0.0;0.0;97747;21350
2020-10-03;0-19;53;7;0.0;0.0;0.0;1989;7
2020-10-03;20-59;1366;283;0.0;0.0;0.0;32848;1382
2020-10-03;60+;5273;991;0.0;0.0;0.0;62718;19883
2020-10-03;whole;6740;1289;0.0;0.0;0.0;98199;21393
2020-10-04;0-19;59;9;0.0;0.0;0.0;1990;7
2020-10-04;20-59;1398;299;0.0;0.0;0.0;32906;1383
2020-10-04;60+;5452;1016;0.0;0.0;0.0;62799;19912
2020-10-04;whole;6964;1335;0.0;0.0;0.0;98343;21425
2020-10-05;0-19;58;8;0.0;0.0;0.0;2003;7
2020-10-05;20-59;1451;328;0.0;0.0;0.0;33043;1387
2020-10-05;60+;5715;1061;0.0;0.0;0.0;62953;19977
2020-10-05;whole;7276;1409;0.0;0.0;0.0;98649;21494
2020-10-06;0-19;58;7;0.0;0.0;0.0;2019;7
2020-10-06;20-59;1434;334;0.0;0.0;0.0;33287;1393
2020-10-06;60+;5840;1066;0.0;0.0;0.0;63301;20032
2020-10-06;whole;7377;1417;0.0;0.0;0.0;99264;21556
2020-10-07;0-19;59;8;0.0;0.0;0.0;2031;7
2020-10-07;20-59;1431;320;0.0;0.0;0.0;33457;1396
2020-10-07;60+;5975;1066;0.0;0.0;0.0;63616;20109
2020-10-07;whole;7514;1406;0.0;0.0;0.0;99762;21636
2020-10-08;0-19;53;8;0.0;0.0;0.0;2044;7
2020-10-08;20-59;1446;315;0.0;0.0;0.0;33625;1397
2020-10-08;60+;6054;1085;0.0;0.0;0.0;63944;20183
2020-10-08;whole;7603;1418;0.0;0.0;0.0;100275;21712
2020-10-09;0-19;61;8;0.0;0.0;0.0;2050;7
2020-10-09;20-59;1495;322;0.0;0.0;0.0;33807;1402
2020-10-09;60+;6240;1100;0.0;0.0;0.0;64274;20241
2020-10-09;whole;7843;1439;0.0;0.0;0.0;100797;21774
2020-10-10;0-19;61;7;0.0;0.0;0.0;2060;7
2020-10-10;20-59;1491;330;0.0;0.0;0.0;33966;1403
2020-10-10;60+;6369;1110;0.0;0.0;0.0;64585;20294
2020-10-10;whole;7976;1456;0.0;0.0;0.0;101280;21828
2020-10-11;0-19;64;8;0.0;0.0;0.0;2069;7
2020-10-11;20-59;1530;344;0.0;0.0;0.0;34046;1405
2020-10-11;60+;6576;1120;0.0;0.0;0.0;64675;20338
2020-10-11;whole;8231;1483;0.0;0.0;0.0;101460;21874
2020-10-12;0-19;63;6;0.0;0.0;0.0;2084;7
2020-10-12;20-59;1634;365;0.0;0.0;0.0;34189;1409
2020-10-12;60+;6921;1158;0.0;0.0;0.0;64918;20428
2020-10-12;whole;8671;1539;0.0;0.0;0.0;101868;21969
2020-10-13;0-19;67;11;0.0;0.0;0.0;2104;7
2020-10-13;20-59;1646;368;0.0;0.0;0.0;34451;1412
2020-10-13;60+;7160;1243;0.0;0.0;0.0;65412;20509
2020-10-13;whole;8928;1633;0.0;0.0;0.0;102649;22053
2020-10-14;0-19;71;11;0.0;0.0;0.0;2118;8
2020-10-14;20-59;1655;363;0.0;0.0;0.0;34690;1415
2020-10-14;60+;7387;1279;0.0;0.0;0.0;65888;20608
2020-10-14;whole;9173;1664;0.0;0.0;0.0;103382;22157
2020-10-15;0-19;68;14;0.0;0.0;0.0;2138;8
2020-10-15;20-59;1682;380;0.0;0.0;0.0;34903;1419
2020-10-15;60+;7778;1339;0.0;0.0;0.0;66319;20691
2020-10-15;whole;9584;1741;0.0;0.0;0.0;104051;22245
2020-10-16;0-19;75;14;0.0;0.0;0.0;2156;7
2020-10-16;20-59;1739;382;0.0;0.0;0.0;35103;1424
2020-10-16;60+;8149;1388;0.0;0.0;0.0;66713;20809
2020-10-16;whole;10021;1791;0.0;0.0;0.0;104665;22367
2020-10-17;0-19;87;16;0.0;0.0;0.0;2171;7
2020-10-17;20-59;1782;398;0.0;0.0;0.0;35265;1426
2020-10-17;60+;8466;1446;0.0;0.0;0.0;67029;20895
2020-10-17;whole;10399;1868;0.0;0.0;0.0;105163;22456
2020-10-18;0-19;92;18;0.0;0.0;0.0;2189;7
2020-10-18;20-59;1866;403;0.0;0.0;0.0;35360;1430
2020-10-18;60+;8867;1510;0.0;0.0;0.0;67151;20976
2020-10-18;whole;10897;1939;0.0;0.0;0.0;105400;22541
2020-10-19;0-19;97;15;0.0;0.0;0.0;2212;7
2020-10-19;20-59;1956;429;0.0;0.0;0.0;35558;1438
2020-10-19;60+;9521;1636;0.0;0.0;0.0;67426;21112
2020-10-19;whole;11640;2090;0.0;0.0;0.0;105904;22687
2020-10-20;0-19;99;15;0.0;0.0;0.0;2240;7
2020-10-20;20-59;2069;441;0.0;0.0;0.0;35870;1447
2020-10-20;60+;10199;1700;0.0;0.0;0.0;67984;21265
2020-10-20;whole;12435;2168;0.0;0.0;0.0;106808;22849
2020-10-21;0-19;106;15;0.0;0.0;0.0;2258;7
2020-10-21;20-59;2184;451;0.0;0.0;0.0;36133;1457
2020-10-21;60+;10806;1762;0.0;0.0;0.0;68513;21418
2020-10-21;whole;13162;2239;0.0;0.0;0.0;107621;23012
2020-10-22;0-19;120;18;0.0;0.0;0.0;2288;7
2020-10-22;20-59;2241;470;0.0;0.0;0.0;36463;1465
2020-10-22;60+;11575;1809;0.0;0.0;0.0;69098;21572
2020-10-22;whole;14009;2310;0.0;0.0;0.0;108568;23174
2020-10-23;0-19;136;20;0.0;0.0;0.0;2309;7
2020-10-23;20-59;2406;501;0.0;0.0;0.0;36727;1472
2020-10-23;60+;12365;1899;0.0;0.0;0.0;69700;21749
2020-10-23;whole;14985;2432;0.0;0.0;0.0;109455;23358
2020-10-24;0-19;131;23;0.0;0.0;0.0;2340;7
2020-10-24;20-59;2420;511;0.0;0.0;0.0;37034;1476
2020-10-24;60+;12989;1946;0.0;0.0;0.0;70195;21881
2020-10-24;whole;15637;2491;0.0;0.0;0.0;110291;23495
2020-10-25;0-19;145;24;0.0;0.0;0.0;2355;7
2020-10-25;20-59;2531;526;0.0;0.0;0.0;37158;1480
2020-10-25;60+;13655;2011;0.0;0.0;0.0;70392;21992
2020-10-25;whole;16454;2575;0.0;0.0;0.0;110629;23611
2020-10-26;0-19;149;24;0.0;0.0;0.0;2385;7
2020-10-26;20-59;2788;566;0.0;0.0;0.0;37407;1486
2020-10-26;60+;14714;2160;0.0;0.0;0.0;70799;22243
2020-10-26;whole;17761;2761;0.0;0.0;0.0;111316;23868
2020-10-27;0-19;144;22;0.0;0.0;0.0;2433;7
2020-10-27;20-59;2959;619;0.0;0.0;0.0;37840;1498
2020-10-27;60+;15746;2260;0.0;0.0;0.0;71684;22516
2020-10-27;whole;18955;2909;0.0;0.0;0.0;112685;24156
2020-10-28;0-19;146;20;0.0;0.0;0.0;2474;7
2020-10-28;20-59;3156;624;0.0;0.0;0.0;38216;1503
2020-10-28;60+;16769;2383;0.0;0.0;0.0;72522;22754
2020-10-28;whole;20184;3036;0.0;0.0;0.0;113946;24400
2020-10-29;0-19;165;21;0.0;0.0;0.0;2510;7
2020-10-29;20-59;3257;621;0.0;0.0;0.0;38594;1510
2020-10-29;60+;17604;2492;0.0;0.0;0.0;73412;22981
2020-10-29;whole;21160;3147;0.0;0.0;0.0;115256;24635
2020-10-30;0-19;165;22;0.0;0.0;0.0;2546;7
2020-10-30;20-59;3372;674;0.0;0.0;0.0;38968;1516
2020-10-30;60+;18453;2649;0.0;0.0;0.0;74243;23227
2020-10-30;whole;22153;3368;0.0;0.0;0.0;116502;24890
2020-10-31;0-19;169;19;0.0;0.0;0.0;2568;7
2020-10-31;20-59;3472;679;0.0;0.0;0.0;39247;1523
2020-10-31;60+;19201;2717;0.0;0.0;0.0;74995;23438
2020-10-31;whole;23013;3443;0.0;0.0;0.0;117563;25113
2020-11-01;0-19;170;23;0.0;0.0;0.0;2595;7
2020-11-01;20-59;3665;720;0.0;0.0;0.0;39460;1529
2020-11-01;60+;19983;2795;0.0;0.0;0.0;75393;23665
2020-11-01;whole;24008;3569;0.0;0.0;0.0;118196;25344
2020-11-02;0-19;158;19;0.0;0.0;0.0;2637;7
2020-11-02;20-59;3826;749;0.0;0.0;0.0;39786;1541
2020-11-02;60+;20945;2925;0.0;0.0;0.0;75897;24067
2020-11-02;whole;25120;3721;0.0;0.0;0.0;119073;25760
2020-11-03;0-19;169;22;0.0;0.0;0.0;2662;7
2020-11-03;20-59;3927;783;0.0;0.0;0.0;40287;1549
2020-11-03;60+;21938;3033;0.0;0.0;0.0;76970;24480
2020-11-03;whole;26242;3869;0.0;0.0;0.0;120683;26186
2020-11-04;0-19;168;19;0.0;0.0;0.0;2709;7
2020-11-04;20-59;4034;828;0.0;0.0;0.0;40890;1557
2020-11-04;60+;23093;3198;0.0;0.0;0.0;78264;24854
2020-11-04;whole;27511;4080;0.0;0.0;0.0;122631;26571
2020-11-05;0-19;174;19;0.0;0.0;0.0;2744;7
2020-11-05;20-59;4162;860;0.0;0.0;0.0;41317;1569
2020-11-05;60+;23858;3305;0.0;0.0;0.0;79410;25203
2020-11-05;whole;28403;4221;0.0;0.0;0.0;124247;26934
2020-11-06;0-19;172;22;0.0;0.0;0.0;2783;7
2020-11-06;20-59;4159;882;0.0;0.0;0.0;41889;1579
2020-11-06;60+;24411;3384;0.0;0.0;0.0;80839;25588
2020-11-06;whole;28955;4321;0.0;0.0;0.0;126298;27332
2020-11-07;0-19;168;20;0.0;0.0;0.0;2815;7
2020-11-07;20-59;4179;904;0.0;0.0;0.0;42350;1589
2020-11-07;60+;24832;3453;0.0;0.0;0.0;81947;25880
2020-11-07;whole;29396;4410;0.0;0.0;0.0;127907;27636
2020-11-08;0-19;182;24;0.0;0.0;0.0;2829;7
2020-11-08;20-59;4307;931;0.0;0.0;0.0;42579;1594
2020-11-08;60+;25507;3539;0.0;0.0;0.0;82371;26143
2020-11-08;whole;30217;4527;0.0;0.0;0.0;128583;27906
2020-11-09;0-19;160;27;0.0;0.0;0.0;2866;7
2020-11-09;20-59;4482;981;0.0;0.0;0.0;42944;1609
2020-11-09;60+;26235;3634;0.0;0.0;0.0;83077;26675
2020-11-09;whole;31098;4677;0.0;0.0;0.0;129704;28454
2020-11-10;0-19;177;26;0.0;0.0;0.0;2911;7
2020-11-10;20-59;4450;971;0.0;0.0;0.0;43578;1617
2020-11-10;60+;26640;3706;0.0;0.0;0.0;84575;27137
2020-11-10;whole;31477;4736;0.0;0.0;0.0;131889;28920
2020-11-11;0-19;186;26;0.0;0.0;0.0;2936;7
2020-11-11;20-59;4444;966;0.0;0.0;0.0;44034;1631
2020-11-11;60+;27057;3761;0.0;0.0;0.0;85861;27450
2020-11-11;whole;31918;4789;0.0;0.0;0.0;133665;29248
2020-11-12;0-19;159;22;0.0;0.0;0.0;2999;7
2020-11-12;20-59;4693;1025;0.0;0.0;0.0;45201;1719
2020-11-12;60+;27539;3800;0.0;0.0;0.0;85798;27783
2020-11-12;whole;32654;4884;0.0;0.0;0.0;134923;29673
2020-11-13;0-19;159;21;0.0;0.0;0.0;3035;7
2020-11-13;20-59;4606;1005;0.0;0.0;0.0;45803;1732
2020-11-13;60+;27667;3829;0.0;0.0;0.0;87348;28224
2020-11-13;whole;32676;4887;0.0;0.0;0.0;137124;30129
2020-11-14;0-19;158;19;0.0;0.0;0.0;3064;7
2020-11-14;20-59;4454;985;0.0;0.0;0.0;46351;1743
2020-11-14;60+;27605;3820;0.0;0.0;0.0;88749;28566
2020-11-14;whole;32468;4855;0.0;0.0;0.0;139110;30483
2020-11-15;0-19;170;23;0.0;0.0;0.0;3078;7
2020-11-15;20-59;4518;987;0.0;0.0;0.0;46582;1750
2020-11-15;60+;28101;3840;0.0;0.0;0.0;89168;28859
2020-11-15;whole;33050;4880;0.0;0.0;0.0;139779;30785
2020-11-16;0-19;189;26;0.0;0.0;0.0;3100;8
2020-11-16;20-59;4542;994;0.0;0.0;0.0;46899;1768
2020-11-16;60+;28480;3854;0.0;0.0;0.0;89892;29344
2020-11-16;whole;33466;4903;0.0;0.0;0.0;140849;31291
2020-11-17;0-19;178;26;0.0;0.0;0.0;3131;7
2020-11-17;20-59;4386;960;0.0;0.0;0.0;47485;1790
2020-11-17;60+;28322;3821;0.0;0.0;0.0;91532;29749
2020-11-17;whole;33139;4838;0.0;0.0;0.0;143121;31719
2020-11-18;0-19;171;27;0.0;0.0;0.0;3156;7
2020-11-18;20-59;4274;928;0.0;0.0;0.0;48012;1796
2020-11-18;60+;28112;3773;0.0;0.0;0.0;93199;30163
2020-11-18;whole;32811;4759;0.0;0.0;0.0;145360;32144
2020-11-19;0-19;152;25;0.0;0.0;0.0;3187;7
2020-11-19;20-59;4166;911;0.0;0.0;0.0;48509;1808
2020-11-19;60+;27738;3667;0.0;0.0;0.0;94833;30575
2020-11-19;whole;32314;4637;0.0;0.0;0.0;147538;32573
2020-11-20;0-19;145;24;0.0;0.0;0.0;3215;8
2020-11-20;20-59;4057;898;0.0;0.0;0.0;48938;1818
2020-11-20;60+;27429;3610;0.0;0.0;0.0;96309;30944
2020-11-20;whole;31875;4566;0.0;0.0;0.0;149490;32954
2020-11-21;0-19;146;22;0.0;0.0;0.0;3234;8
2020-11-21;20-59;3919;884;0.0;0.0;0.0;49354;1826
2020-11-21;60+;27063;3556;0.0;0.0;0.0;97517;31189
2020-11-21;whole;31365;4493;0.0;0.0;0.0;151146;33207
2020-11-22;0-19;146;22;0.0;0.0;0.0;3243;8
2020-11-22;20-59;3923;881;0.0;0.0;0.0;49507;1832
2020-11-22;60+;27206;3558;0.0;0.0;0.0;97854;31396
2020-11-22;whole;31522;4491;0.0;0.0;0.0;151650;33421
2020-11-23;0-19;148;22;0.0;0.0;0.0;3254;8
2020-11-23;20-59;3898;873;0.0;0.0;0.0;49685;1840
2020-11-23;60+;27156;3510;0.0;0.0;0.0;98570;31884
2020-11-23;whole;31449;4438;0.0;0.0;0.0;152561;33921
2020-11-24;0-19;148;21;0.0;0.0;0.0;3277;8
2020-11-24;20-59;3767;832;0.0;0.0;0.0;50209;1861
2020-11-24;60+;26457;3390;0.0;0.0;0.0;100094;32317
2020-11-24;whole;30594;4277;0.0;0.0;0.0;154648;34374
2020-11-25;0-19;145;17;0.0;0.0;0.0;3291;8
2020-11-25;20-59;3637;799;0.0;0.0;0.0;50497;1871
2020-11-25;60+;25949;3289;0.0;0.0;0.0;101640;32687
2020-11-25;whole;29944;4136;0.0;0.0;0.0;156521;34755
2020-11-26;0-19;147;17;0.0;0.0;0.0;3304;9
2020-11-26;20-59;3505;777;0.0;0.0;0.0;50862;1879
2020-11-26;60+;25420;3181;0.0;0.0;0.0;102936;33017
2020-11-26;whole;29282;4006;0.0;0.0;0.0;158205;35094
2020-11-27;0-19;142;18;0.0;0.0;0.0;3327;9
2020-11-27;20-59;3374;755;0.0;0.0;0.0;51324;1896
2020-11-27;60+;24912;3070;0.0;0.0;0.0;104122;33390
2020-11-27;whole;28620;3871;0.0;0.0;0.0;159884;35487
2020-11-28;0-19;148;18;0.0;0.0;0.0;3339;9
2020-11-28;20-59;3216;731;0.0;0.0;0.0;51615;1905
2020-11-28;60+;24580;2987;0.0;0.0;0.0;105036;33592
2020-11-28;whole;28139;3765;0.0;0.0;0.0;161106;35700
2020-11-29;0-19;142;20;0.0;0.0;0.0;3358;9
2020-11-29;20-59;3229;742;0.0;0.0;0.0;51704;1914
2020-11-29;60+;24705;2952;0.0;0.0;0.0;105216;33780
2020-11-29;whole;28284;3744;0.0;0.0;0.0;161396;35898
2020-11-30;0-19;144;23;0.0;0.0;0.0;3368;9
2020-11-30;20-59;3244;733;0.0;0.0;0.0;51894;1923
2020-11-30;60+;24627;2956;0.0;0.0;0.0;105864;34176
2020-11-30;whole;28229;3739;0.0;0.0;0.0;162250;36304
2020-12-01;0-19;142;25;0.0;0.0;0.0;3391;9
2020-12-01;20-59;3123;697;0.0;0.0;0.0;52270;1942
2020-12-01;60+;24131;2844;0.0;0.0;0.0;107201;34520
2020-12-01;whole;27611;3594;0.0;0.0;0.0;163998;36667
2020-12-02;0-19;141;24;0.0;0.0;0.0;3401;9
2020-12-02;20-59;3017;689;0.0;0.0;0.0;52548;1952
2020-12-02;60+;23613;2737;0.0;0.0;0.0;108437;34819
2020-12-02;whole;26986;3478;0.0;0.0;0.0;165532;36976
2020-12-03;0-19;132;21;0.0;0.0;0.0;3425;9
2020-12-03;20-59;2954;696;0.0;0.0;0.0;52803;1966
2020-12-03;60+;23372;2670;0.0;0.0;0.0;109528;35125
2020-12-03;whole;26675;3415;0.0;0.0;0.0;166909;37300
2020-12-04;0-19;139;18;0.0;0.0;0.0;3434;9
2020-12-04;20-59;2901;678;0.0;0.0;0.0;52959;1968
2020-12-04;60+;23027;2562;0.0;0.0;0.0;110756;35402
2020-12-04;whole;26283;3283;0.0;0.0;0.0;168321;37582
2020-12-05;0-19;139;22;0.0;0.0;0.0;3454;9
2020-12-05;20-59;2854;652;0.0;0.0;0.0;53248;1984
2020-12-05;60+;22834;2522;0.0;0.0;0.0;111443;35595
2020-12-05;whole;26040;3220;0.0;0.0;0.0;169327;37796
2020-12-06;0-19;139;20;0.0;0.0;0.0;3458;9
2020-12-06;20-59;2883;659;0.0;0.0;0.0;53308;1990
2020-12-06;60+;23018;2507;0.0;0.0;0.0;111605;35762
2020-12-06;whole;26262;3210;0.0;0.0;0.0;169555;37970
2020-12-07;0-19;136;22;0.0;0.0;0.0;3472;9
2020-12-07;20-59;2897;659;0.0;0.0;0.0;53469;2005
2020-12-07;60+;23082;2481;0.0;0.0;0.0;112125;36112
2020-12-07;whole;26333;3188;0.0;0.0;0.0;170254;38336
2020-12-08;0-19;126;15;0.0;0.0;0.0;3505;9
2020-12-08;20-59;2831;639;0.0;0.0;0.0;53742;2021
2020-12-08;60+;22712;2395;0.0;0.0;0.0;113385;36469
2020-12-08;whole;25882;3078;0.0;0.0;0.0;171837;38713
2020-12-09;0-19;118;15;0.0;0.0;0.0;3526;9
2020-12-09;20-59;2794;629;0.0;0.0;0.0;53970;2028
2020-12-09;60+;22407;2357;0.0;0.0;0.0;114499;36756
2020-12-09;whole;25526;3031;0.0;0.0;0.0;173216;39009
2020-12-10;0-19;122;16;0.0;0.0;0.0;3538;9
2020-12-10;20-59;2742;603;0.0;0.0;0.0;54170;2035
2020-12-10;60+;22130;2302;0.0;0.0;0.0;115685;37041
2020-12-10;whole;25199;2949;0.0;0.0;0.0;174627;39301
2020-12-11;0-19;116;17;0.0;0.0;0.0;3553;9
2020-12-11;20-59;2711;585;0.0;0.0;0.0;54382;2046
2020-12-11;60+;21922;2248;0.0;0.0;0.0;116677;37331
2020-12-11;whole;24943;2874;0.0;0.0;0.0;175860;39605
2020-12-12;0-19;115;15;0.0;0.0;0.0;3568;9
2020-12-12;20-59;2721;590;0.0;0.0;0.0;54560;2056
2020-12-12;60+;21906;2221;0.0;0.0;0.0;117331;37514
2020-12-12;whole;24948;2851;0.0;0.0;0.0;176712;39799
2020-12-13;0-19;116;15;0.0;0.0;0.0;3573;9
2020-12-13;20-59;2760;600;0.0;0.0;0.0;54632;2059
2020-12-13;60+;22117;2221;0.0;0.0;0.0;117500;37661
2020-12-13;whole;25207;2861;0.0;0.0;0.0;176964;39949
2020-12-14;0-19;108;16;0.0;0.0;0.0;3592;9
2020-12-14;20-59;2802;616;0.0;0.0;0.0;54786;2073
2020-12-14;60+;22331;2238;0.0;0.0;0.0;117972;38016
2020-12-14;whole;25449;2896;0.0;0.0;0.0;177616;40320
2020-12-15;0-19;92;17;0.0;0.0;0.0;3622;9
2020-12-15;20-59;2754;603;0.0;0.0;0.0;55070;2082
2020-12-15;60+;22157;2224;0.0;0.0;0.0;119080;38315
2020-12-15;whole;25207;2871;0.0;0.0;0.0;179056;40627
2020-12-16;0-19;102;18;0.0;0.0;0.0;3636;9
2020-12-16;20-59;2794;597;0.0;0.0;0.0;55276;2088
2020-12-16;60+;22190;2200;0.0;0.0;0.0;120071;38594
2020-12-16;whole;25282;2840;0.0;0.0;0.0;180280;40916
2020-12-17;0-19;97;17;0.0;0.0;0.0;3652;9
2020-12-17;20-59;2750;567;0.0;0.0;0.0;55493;2102
2020-12-17;60+;22111;2189;0.0;0.0;0.0;121025;38837
2020-12-17;whole;25149;2798;0.0;0.0;0.0;181475;41174
2020-12-18;0-19;98;21;0.0;0.0;0.0;3664;9
2020-12-18;20-59;2742;554;0.0;0.0;0.0;55687;2116
2020-12-18;60+;21911;2164;0.0;0.0;0.0;121962;39077
2020-12-18;whole;24945;2764;0.0;0.0;0.0;182634;41429
2020-12-19;0-19;98;19;0.0;0.0;0.0;3674;9
2020-12-19;20-59;2743;548;0.0;0.0;0.0;55862;2122
2020-12-19;60+;21782;2129;0.0;0.0;0.0;122678;39258
2020-12-19;whole;24819;2718;0.0;0.0;0.0;183540;41618
2020-12-20;0-19;100;21;0.0;0.0;0.0;3678;9
2020-12-20;20-59;2755;559;0.0;0.0;0.0;55936;2125
2020-12-20;60+;21910;2141;0.0;0.0;0.0;122830;39385
2020-12-20;whole;24961;2745;0.0;0.0;0.0;183775;41749
2020-12-21;0-19;103;23;0.0;0.0;0.0;3689;9
2020-12-21;20-59;2808;567;0.0;0.0;0.0;56077;2135
2020-12-21;60+;22088;2122;0.0;0.0;0.0;123326;39725
2020-12-21;whole;25201;2737;0.0;0.0;0.0;184433;42100
2020-12-22;0-19;107;19;0.0;0.0;0.0;3705;9
2020-12-22;20-59;2752;556;0.0;0.0;0.0;56428;2148
2020-12-22;60+;21868;2117;0.0;0.0;0.0;124529;40087
2020-12-22;whole;24932;2719;0.0;0.0;0.0;186027;42481
2020-12-23;0-19;103;18;0.0;0.0;0.0;3720;9
2020-12-23;20-59;2732;559;0.0;0.0;0.0;56654;2157
2020-12-23;60+;21805;2097;0.0;0.0;0.0;125474;40353
2020-12-23;whole;24852;2701;0.0;0.0;0.0;187241;42757
2020-12-24;0-19;98;12;0.0;0.0;0.0;3735;9
2020-12-24;20-59;2677;552;0.0;0.0;0.0;56909;2169
2020-12-24;60+;21624;2054;0.0;0.0;0.0;126543;40625
2020-12-24;whole;24607;2643;0.0;0.0;0.0;188608;43047
2020-12-25;0-19;95;12;0.0;0.0;0.0;3746;10
2020-12-25;20-59;2618;558;0.0;0.0;0.0;57068;2171
2020-12-25;60+;21459;2023;0.0;0.0;0.0;127169;40779
2020-12-25;whole;24359;2616;0.0;0.0;0.0;189414;43206
2020-12-26;0-19;96;14;0.0;0.0;0.0;3752;10
2020-12-26;20-59;2625;569;0.0;0.0;0.0;57145;2176
2020-12-26;60+;21535;2034;0.0;0.0;0.0;127355;40918
2020-12-26;whole;24444;2640;0.0;0.0;0.0;189687;43352
2020-12-27;0-19;98;15;0.0;0.0;0.0;3754;10
2020-12-27;20-59;2649;571;0.0;0.0;0.0;57218;2180
2020-12-27;60+;21680;2040;0.0;0.0;0.0;127501;41085
2020-12-27;whole;24620;2650;0.0;0.0;0.0;189910;43525
2020-12-28;0-19;97;18;0.0;0.0;0.0;3768;10
2020-12-28;20-59;2676;575;0.0;0.0;0.0;57411;2193
2020-12-28;60+;21682;2080;0.0;0.0;0.0;128069;41433
2020-12-28;whole;24645;2694;0.0;0.0;0.0;190691;43888
2020-12-29;0-19;96;17;0.0;0.0;0.0;3778;10
2020-12-29;20-59;2729;560;0.0;0.0;0.0;57623;2202
2020-12-29;60+;21739;2066;0.0;0.0;0.0;128920;41804
2020-12-29;whole;24743;2666;0.0;0.0;0.0;191775;44272
2020-12-30;0-19;95;13;0.0;0.0;0.0;3789;10
2020-12-30;20-59;2708;546;0.0;0.0;0.0;57882;2211
2020-12-30;60+;21588;2069;0.0;0.0;0.0;129881;42099
2020-12-30;whole;24560;2652;0.0;0.0;0.0;193014;44575
2020-12-31;0-19;97;12;0.0;0.0;0.0;3804;10
2020-12-31;20-59;2686;536;0.0;0.0;0.0;58094;2216
2020-12-31;60+;21451;2054;0.0;0.0;0.0;130823;42342
2020-12-31;whole;24407;2625;0.0;0.0;0.0;194190;44826
2021-01-01;0-19;98;12;0.0;0.0;0.0;3811;10
2021-01-01;20-59;2650;527;0.0;0.0;0.0;58252;2220
2021-01-01;60+;21344;2048;0.0;0.0;0.0;131334;42471
2021-01-01;whole;24263;2609;0.0;0.0;0.0;194870;44959
2021-01-02;0-19;98;12;0.0;0.0;0.0;3815;10
2021-01-02;20-59;2685;533;0.0;0.0;0.0;58338;2227
2021-01-02;60+;21496;2063;0.0;0.0;0.0;131514;42620
2021-01-02;whole;24458;2632;0.0;0.0;0.0;195143;45115
2021-01-03;0-19;94;12;0.0;0.0;0.0;3823;10
2021-01-03;20-59;2721;537;0.0;0.0;0.0;58406;2232
2021-01-03;60+;21777;2092;0.0;0.0;0.0;131646;42731
2021-01-03;whole;24780;2665;0.0;0.0;0.0;195355;45231
2021-01-04;0-19;95;10;0.0;0.0;0.0;3827;10
2021-01-04;20-59;2759;519;0.0;0.0;0.0;58571;2244
2021-01-04;60+;21927;2105;0.0;0.0;0.0;132119;43092
2021-01-04;whole;24962;2657;0.0;0.0;0.0;196006;45609
2021-01-05;0-19;88;9;0.0;0.0;0.0;3845;10
2021-01-05;20-59;2708;512;0.0;0.0;0.0;58890;2254
2021-01-05;60+;21893;2074;0.0;0.0;0.0;133234;43425
2021-01-05;whole;24871;2616;0.0;0.0;0.0;197472;45954
2021-01-06;0-19;94;9;0.0;0.0;0.0;3856;10
2021-01-06;20-59;2660;503;0.0;0.0;0.0;59129;2262
2021-01-06;60+;21768;2073;0.0;0.0;0.0;134222;43701
2021-01-06;whole;24708;2607;0.0;0.0;0.0;198725;46237
2021-01-07;0-19;96;12;0.0;0.0;0.0;3868;10
2021-01-07;20-59;2685;508;0.0;0.0;0.0;59326;2270
2021-01-07;60+;21520;2031;0.0;0.0;0.0;135322;43969
2021-01-07;whole;24488;2573;0.0;0.0;0.0;200048;46513
2021-01-08;0-19;93;12;0.0;0.0;0.0;3882;10
2021-01-08;20-59;2697;517;0.0;0.0;0.0;59543;2280
2021-01-08;60+;21395;2050;0.0;0.0;0.0;136286;44235
2021-01-08;whole;24377;2606;0.0;0.0;0.0;201255;46789
2021-01-09;0-19;92;13;0.0;0.0;0.0;3893;10
2021-01-09;20-59;2670;521;0.0;0.0;0.0;59709;2289
2021-01-09;60+;21274;2038;0.0;0.0;0.0;136981;44394
2021-01-09;whole;24240;2600;0.0;0.0;0.0;202134;46957
2021-01-10;0-19;88;13;0.0;0.0;0.0;3903;10
2021-01-10;20-59;2722;529;0.0;0.0;0.0;59776;2295
2021-01-10;60+;21505;2048;0.0;0.0;0.0;137164;44539
2021-01-10;whole;24526;2620;0.0;0.0;0.0;202398;47108
2021-01-11;0-19;90;12;0.0;0.0;0.0;3911;10
2021-01-11;20-59;2764;549;0.0;0.0;0.0;59944;2302
2021-01-11;60+;21747;2078;0.0;0.0;0.0;137628;44842
2021-01-11;whole;24812;2666;0.0;0.0;0.0;203041;47418
2021-01-12;0-19;93;10;0.0;0.0;0.0;3921;10
2021-01-12;20-59;2753;534;0.0;0.0;0.0;60204;2312
2021-01-12;60+;21636;2106;0.0;0.0;0.0;138663;45185
2021-01-12;whole;24703;2678;0.0;0.0;0.0;204359;47773
2021-01-13;0-19;91;8;0.0;0.0;0.0;3931;10
2021-01-13;20-59;2785;539;0.0;0.0;0.0;60457;2319
2021-01-13;60+;21648;2127;0.0;0.0;0.0;139670;45405
2021-01-13;whole;24735;2701;0.0;0.0;0.0;205641;48002
2021-01-14;0-19;98;9;0.0;0.0;0.0;3940;10
2021-01-14;20-59;2825;544;0.0;0.0;0.0;60677;2330
2021-01-14;60+;21843;2136;0.0;0.0;0.0;140556;45675
2021-01-14;whole;24983;2716;0.0;0.0;0.0;206771;48284
2021-01-15;0-19;86;8;0.0;0.0;0.0;3972;10
2021-01-15;20-59;2864;529;0.0;0.0;0.0;60904;2343
2021-01-15;60+;21843;2166;0.0;0.0;0.0;141555;45940
2021-01-15;whole;25009;2730;0.0;0.0;0.0;208040;48564
2021-01-16;0-19;91;8;0.0;0.0;0.0;3983;10
2021-01-16;20-59;2868;540;0.0;0.0;0.0;61100;2348
2021-01-16;60+;21825;2158;0.0;0.0;0.0;142319;46125
2021-01-16;whole;24985;2731;0.0;0.0;0.0;209025;48757
2021-01-17;0-19;92;10;0.0;0.0;0.0;3986;10
2021-01-17;20-59;2917;546;0.0;0.0;0.0;61178;2353
2021-01-17;60+;22013;2185;0.0;0.0;0.0;142525;46263
2021-01-17;whole;25235;2766;0.0;0.0;0.0;209312;48898
2021-01-18;0-19;97;11;0.0;0.0;0.0;3993;10
2021-01-18;20-59;2963;559;0.0;0.0;0.0;61384;2363
2021-01-18;60+;22315;2208;0.0;0.0;0.0;143163;46656
2021-01-18;whole;25584;2803;0.0;0.0;0.0;210169;49301
2021-01-19;0-19;99;9;0.0;0.0;0.0;4004;10
2021-01-19;20-59;2961;573;0.0;0.0;0.0;61685;2372
2021-01-19;60+;22253;2218;0.0;0.0;0.0;144451;47011
2021-01-19;whole;25532;2829;0.0;0.0;0.0;211785;49670
2021-01-20;0-19;92;11;0.0;0.0;0.0;4030;10
2021-01-20;20-59;2960;591;0.0;0.0;0.0;61978;2382
2021-01-20;60+;22379;2206;0.0;0.0;0.0;145544;47310
2021-01-20;whole;25650;2842;0.0;0.0;0.0;213211;49980
2021-01-21;0-19;93;10;0.0;0.0;0.0;4044;10
2021-01-21;20-59;2983;609;0.0;0.0;0.0;62216;2399
2021-01-21;60+;22406;2218;0.0;0.0;0.0;146572;47641
2021-01-21;whole;25699;2866;0.0;0.0;0.0;214507;50326
2021-01-22;0-19;101;15;0.0;0.0;0.0;4059;10
2021-01-22;20-59;2985;620;0.0;0.0;0.0;62483;2415
2021-01-22;60+;22560;2237;0.0;0.0;0.0;147569;47940
2021-01-22;whole;25872;2902;0.0;0.0;0.0;215791;50645
2021-01-23;0-19;98;14;0.0;0.0;0.0;4075;10
2021-01-23;20-59;3012;621;0.0;0.0;0.0;62663;2424
2021-01-23;60+;22533;2220;0.0;0.0;0.0;148266;48160
2021-01-23;whole;25864;2886;0.0;0.0;0.0;216694;50875
2021-01-24;0-19;101;12;0.0;0.0;0.0;4082;10
2021-01-24;20-59;3099;630;0.0;0.0;0.0;62736;2434
2021-01-24;60+;22929;2282;0.0;0.0;0.0;148422;48321
2021-01-24;whole;26357;2955;0.0;0.0;0.0;216934;51047
2021-01-25;0-19;102;14;0.0;0.0;0.0;4095;10
2021-01-25;20-59;3201;633;0.0;0.0;0.0;62932;2442
2021-01-25;60+;23345;2350;0.0;0.0;0.0;148946;48754
2021-01-25;whole;26888;3031;0.0;0.0;0.0;217677;51492
2021-01-26;0-19;107;16;0.0;0.0;0.0;4108;10
2021-01-26;20-59;3240;643;0.0;0.0;0.0;63256;2454
2021-01-26;60+;23424;2378;0.0;0.0;0.0;150030;49089
2021-01-26;whole;27005;3071;0.0;0.0;0.0;219121;51842
2021-01-27;0-19;107;14;0.0;0.0;0.0;4132;11
2021-01-27;20-59;3286;657;0.0;0.0;0.0;63570;2464
2021-01-27;60+;23502;2391;0.0;0.0;0.0;151094;49427
2021-01-27;whole;27131;3097;0.0;0.0;0.0;220539;52192
2021-01-28;0-19;100;16;0.0;0.0;0.0;4150;11
2021-01-28;20-59;3257;670;0.0;0.0;0.0;63879;2474
2021-01-28;60+;23545;2384;0.0;0.0;0.0;152085;49760
2021-01-28;whole;27128;3101;0.0;0.0;0.0;221872;52536
2021-01-29;0-19;104;16;0.0;0.0;0.0;4169;11
2021-01-29;20-59;3267;678;0.0;0.0;0.0;64170;2489
2021-01-29;60+;23672;2396;0.0;0.0;0.0;153027;50098
2021-01-29;whole;27270;3120;0.0;0.0;0.0;223143;52891
2021-01-30;0-19;108;15;0.0;0.0;0.0;4179;11
2021-01-30;20-59;3248;673;0.0;0.0;0.0;64391;2498
2021-01-30;60+;23663;2382;0.0;0.0;0.0;153729;50330
2021-01-30;whole;27242;3103;0.0;0.0;0.0;224089;53133
2021-01-31;0-19;110;13;0.0;0.0;0.0;4183;11
2021-01-31;20-59;3317;683;0.0;0.0;0.0;64489;2507
2021-01-31;60+;23921;2420;0.0;0.0;0.0;153908;50515
2021-01-31;whole;27573;3148;0.0;0.0;0.0;224375;53328
2021-02-01;0-19;108;15;0.0;0.0;0.0;4204;11
2021-02-01;20-59;3380;711;0.0;0.0;0.0;64735;2518
2021-02-01;60+;24159;2460;0.0;0.0;0.0;154542;50955
2021-02-01;whole;27874;3218;0.0;0.0;0.0;225288;53783
2021-02-02;0-19;110;15;0.0;0.0;0.0;4225;11
2021-02-02;20-59;3438;716;0.0;0.0;0.0;65085;2530
2021-02-02;60+;24256;2509;0.0;0.0;0.0;155733;51343
2021-02-02;whole;28029;3270;0.0;0.0;0.0;226865;54187
2021-02-03;0-19;120;12;0.0;0.0;0.0;4237;11
2021-02-03;20-59;3412;698;0.0;0.0;0.0;65434;2538
2021-02-03;60+;24207;2525;0.0;0.0;0.0;156931;51691
2021-02-03;whole;27953;3267;0.0;0.0;0.0;228441;54544
2021-02-04;0-19;118;10;0.0;0.0;0.0;4260;11
2021-02-04;20-59;3409;700;0.0;0.0;0.0;65785;2550
2021-02-04;60+;24026;2496;0.0;0.0;0.0;158050;52035
2021-02-04;whole;27766;3240;0.0;0.0;0.0;229944;54901
2021-02-05;0-19;119;11;0.0;0.0;0.0;4275;11
2021-02-05;20-59;3408;713;0.0;0.0;0.0;66152;2560
2021-02-05;60+;23834;2480;0.0;0.0;0.0;159226;52316
2021-02-05;whole;27572;3235;0.0;0.0;0.0;231518;55194
2021-02-06;0-19;114;10;0.0;0.0;0.0;4284;11
2021-02-06;20-59;3360;703;0.0;0.0;0.0;66404;2574
2021-02-06;60+;23633;2469;0.0;0.0;0.0;160101;52492
2021-02-06;whole;27327;3215;0.0;0.0;0.0;232662;55385
2021-02-07;0-19;115;11;0.0;0.0;0.0;4289;11
2021-02-07;20-59;3440;720;0.0;0.0;0.0;66493;2576
2021-02-07;60+;23865;2499;0.0;0.0;0.0;160284;52661
2021-02-07;whole;27652;3262;0.0;0.0;0.0;232946;55556
2021-02-08;0-19;117;14;0.0;0.0;0.0;4306;11
2021-02-08;20-59;3506;754;0.0;0.0;0.0;66769;2592
2021-02-08;60+;24155;2551;0.0;0.0;0.0;160998;53099
2021-02-08;whole;27995;3353;0.0;0.0;0.0;233962;56014
2021-02-09;0-19;118;14;0.0;0.0;0.0;4326;11
2021-02-09;20-59;3463;740;0.0;0.0;0.0;67168;2612
2021-02-09;60+;23835;2547;0.0;0.0;0.0;162289;53514
2021-02-09;whole;27634;3332;0.0;0.0;0.0;235686;56450
2021-02-10;0-19;113;14;0.0;0.0;0.0;4344;11
2021-02-10;20-59;3461;723;0.0;0.0;0.0;67468;2628
2021-02-10;60+;23636;2545;0.0;0.0;0.0;163353;53791
2021-02-10;whole;27417;3309;0.0;0.0;0.0;237082;56746
2021-02-11;0-19;111;15;0.0;0.0;0.0;4357;11
2021-02-11;20-59;3406;744;0.0;0.0;0.0;67807;2643
2021-02-11;60+;23241;2540;0.0;0.0;0.0;164626;54134
2021-02-11;whole;26963;3327;0.0;0.0;0.0;238722;57106
2021-02-12;0-19;113;15;0.0;0.0;0.0;4369;11
2021-02-12;20-59;3351;735;0.0;0.0;0.0;68119;2651
2021-02-12;60+;22764;2521;0.0;0.0;0.0;165823;54445
2021-02-12;whole;26424;3298;0.0;0.0;0.0;240259;57423
2021-02-13;0-19;108;13;0.0;0.0;0.0;4380;11
2021-02-13;20-59;3316;726;0.0;0.0;0.0;68380;2661
2021-02-13;60+;22572;2528;0.0;0.0;0.0;166599;54631
2021-02-13;whole;26196;3294;0.0;0.0;0.0;241323;57622
2021-02-14;0-19;108;12;0.0;0.0;0.0;4385;11
2021-02-14;20-59;3387;735;0.0;0.0;0.0;68473;2668
2021-02-14;60+;22697;2526;0.0;0.0;0.0;166770;54791
2021-02-14;whole;26401;3299;0.0;0.0;0.0;241597;57789
2021-02-15;0-19;112;12;0.0;0.0;0.0;4391;11
2021-02-15;20-59;3449;772;0.0;0.0;0.0;68685;2686
2021-02-15;60+;22721;2563;0.0;0.0;0.0;167443;55181
2021-02-15;whole;26478;3371;0.0;0.0;0.0;242497;58201
2021-02-16;0-19;102;10;0.0;0.0;0.0;4420;11
2021-02-16;20-59;3421;783;0.0;0.0;0.0;69113;2696
2021-02-16;60+;22474;2518;0.0;0.0;0.0;168678;55522
2021-02-16;whole;26195;3338;0.0;0.0;0.0;244207;58552
2021-02-17;0-19;93;8;0.0;0.0;0.0;4444;11
2021-02-17;20-59;3425;788;0.0;0.0;0.0;69471;2702
2021-02-17;60+;22218;2516;0.0;0.0;0.0;169781;55826
2021-02-17;whole;25929;3340;0.0;0.0;0.0;245706;58862
2021-02-18;0-19;91;12;0.0;0.0;0.0;4460;11
2021-02-18;20-59;3426;801;0.0;0.0;0.0;69742;2714
2021-02-18;60+;22013;2539;0.0;0.0;0.0;170871;56084
2021-02-18;whole;25717;3384;0.0;0.0;0.0;247096;59133
2021-02-19;0-19;96;13;0.0;0.0;0.0;4467;11
2021-02-19;20-59;3467;829;0.0;0.0;0.0;70061;2731
2021-02-19;60+;21750;2509;0.0;0.0;0.0;171889;56391
2021-02-19;whole;25506;3380;0.0;0.0;0.0;248457;59458
2021-02-20;0-19;92;16;0.0;0.0;0.0;4486;11
2021-02-20;20-59;3435;833;0.0;0.0;0.0;70316;2734
2021-02-20;60+;21544;2490;0.0;0.0;0.0;172673;56571
2021-02-20;whole;25269;3369;0.0;0.0;0.0;249520;59641
2021-02-21;0-19;95;14;0.0;0.0;0.0;4491;11
2021-02-21;20-59;3510;853;0.0;0.0;0.0;70393;2748
2021-02-21;60+;21655;2495;0.0;0.0;0.0;172796;56716
2021-02-21;whole;25464;3392;0.0;0.0;0.0;249727;59800
2021-02-22;0-19;98;12;0.0;0.0;0.0;4500;11
2021-02-22;20-59;3618;860;0.0;0.0;0.0;70622;2766
2021-02-22;60+;21917;2503;0.0;0.0;0.0;173358;57030
2021-02-22;whole;25831;3407;0.0;0.0;0.0;250532;60133
2021-02-23;0-19;102;10;0.0;0.0;0.0;4517;11
2021-02-23;20-59;3583;862;0.0;0.0;0.0;71034;2780
2021-02-23;60+;21781;2529;0.0;0.0;0.0;174468;57323
2021-02-23;whole;25660;3435;0.0;0.0;0.0;252083;60443
2021-02-24;0-19;111;12;0.0;0.0;0.0;4530;11
2021-02-24;20-59;3629;856;0.0;0.0;0.0;71362;2791
2021-02-24;60+;21671;2535;0.0;0.0;0.0;175479;57587
2021-02-24;whole;25614;3436;0.0;0.0;0.0;253450;60720
2021-02-25;0-19;113;14;0.0;0.0;0.0;4553;11
2021-02-25;20-59;3637;864;0.0;0.0;0.0;71683;2799
2021-02-25;60+;21365;2517;0.0;0.0;0.0;176538;57839
2021-02-25;whole;25317;3430;0.0;0.0;0.0;254868;60981
2021-02-26;0-19;103;11;0.0;0.0;0.0;4584;11
2021-02-26;20-59;3594;895;0.0;0.0;0.0;72075;2812
2021-02-26;60+;21256;2510;0.0;0.0;0.0;177550;58105
2021-02-26;whole;25130;3445;0.0;0.0;0.0;256326;61265
2021-02-27;0-19;105;12;0.0;0.0;0.0;4595;11
2021-02-27;20-59;3595;906;0.0;0.0;0.0;72307;2829
2021-02-27;60+;21107;2504;0.0;0.0;0.0;178234;58274
2021-02-27;whole;24989;3453;0.0;0.0;0.0;257258;61450
2021-02-28;0-19;110;15;0.0;0.0;0.0;4598;11
2021-02-28;20-59;3677;921;0.0;0.0;0.0;72411;2834
2021-02-28;60+;21304;2521;0.0;0.0;0.0;178419;58388
2021-02-28;whole;25280;3492;0.0;0.0;0.0;257555;61572
2021-03-01;0-19;104;17;0.0;0.0;0.0;4612;11
2021-03-01;20-59;3758;942;0.0;0.0;0.0;72685;2846
2021-03-01;60+;21383;2555;0.0;0.0;0.0;178953;58749
2021-03-01;whole;25430;3544;0.0;0.0;0.0;258384;61947
2021-03-02;0-19;102;17;0.0;0.0;0.0;4631;11
2021-03-02;20-59;3782;951;0.0;0.0;0.0;73103;2854
2021-03-02;60+;21195;2588;0.0;0.0;0.0;180006;59041
2021-03-02;whole;25263;3586;0.0;0.0;0.0;259893;62247
2021-03-03;0-19;110;19;0.0;0.0;0.0;4647;11
2021-03-03;20-59;3777;955;0.0;0.0;0.0;73462;2864
2021-03-03;60+;21036;2634;0.0;0.0;0.0;181017;59353
2021-03-03;whole;25111;3637;0.0;0.0;0.0;261289;62569
2021-03-04;0-19;104;15;0.0;0.0;0.0;4668;11
2021-03-04;20-59;3797;956;0.0;0.0;0.0;73774;2883
2021-03-04;60+;20812;2631;0.0;0.0;0.0;182068;59625
2021-03-04;whole;24891;3633;0.0;0.0;0.0;262690;62862
2021-03-05;0-19;100;13;0.0;0.0;0.0;4690;11
2021-03-05;20-59;3864;976;0.0;0.0;0.0;74089;2889
2021-03-05;60+;20616;2661;0.0;0.0;0.0;182952;59857
2021-03-05;whole;24765;3680;0.0;0.0;0.0;263919;63100
2021-03-06;0-19;103;17;0.0;0.0;0.0;4704;11
2021-03-06;20-59;3816;977;0.0;0.0;0.0;74402;2893
2021-03-06;60+;20518;2667;0.0;0.0;0.0;183604;60022
2021-03-06;whole;24625;3689;0.0;0.0;0.0;264909;63270
2021-03-07;0-19;107;16;0.0;0.0;0.0;4709;11
2021-03-07;20-59;3858;985;0.0;0.0;0.0;74528;2898
2021-03-07;60+;20654;2711;0.0;0.0;0.0;183856;60147
2021-03-07;whole;24818;3743;0.0;0.0;0.0;265295;63400
2021-03-08;0-19;115;16;0.0;0.0;0.0;4725;11
2021-03-08;20-59;3968;1028;0.0;0.0;0.0;74800;2911
2021-03-08;60+;20916;2774;0.0;0.0;0.0;184358;60491
2021-03-08;whole;25195;3849;0.0;0.0;0.0;266096;63759
2021-03-09;0-19;112;14;0.0;0.0;0.0;4751;11
2021-03-09;20-59;4010;1041;0.0;0.0;0.0;75220;2921
2021-03-09;60+;20888;2833;0.0;0.0;0.0;185337;60777
2021-03-09;whole;25201;3918;0.0;0.0;0.0;267539;64057
2021-03-10;0-19;108;14;0.0;0.0;0.0;4776;11
2021-03-10;20-59;3964;1036;0.0;0.0;0.0;75641;2938
2021-03-10;60+;20705;2840;0.0;0.0;0.0;186354;61024
2021-03-10;whole;24969;3918;0.0;0.0;0.0;269019;64321
2021-03-11;0-19;106;11;0.0;0.0;0.0;4796;11
2021-03-11;20-59;3960;1053;0.0;0.0;0.0;76045;2951
2021-03-11;60+;20604;2897;0.0;0.0;0.0;187329;61275
2021-03-11;whole;24858;3992;0.0;0.0;0.0;270433;64586
2021-03-12;0-19;112;15;0.0;0.0;0.0;4805;11
2021-03-12;20-59;3977;1070;0.0;0.0;0.0;76382;2954
2021-03-12;60+;20469;2918;0.0;0.0;0.0;188210;61493
2021-03-12;whole;24749;4033;0.0;0.0;0.0;271678;64809
2021-03-13;0-19;107;12;0.0;0.0;0.0;4821;11
2021-03-13;20-59;3963;1084;0.0;0.0;0.0;76681;2957
2021-03-13;60+;20406;2945;0.0;0.0;0.0;188825;61659
2021-03-13;whole;24671;4070;0.0;0.0;0.0;272615;64978
2021-03-14;0-19;104;11;70.0;14.0;9.0;4833;11
2021-03-14;20-59;4072;1125;2322.0;475.0;150.0;76799;2964
2021-03-14;60+;20603;2961;10646.0;6847.0;149.0;189037;61792
2021-03-14;whole;24989;4127;13171.0;7381.0;310.0;272960;65118
2021-03-15;0-19;110;12;75.0;14.0;9.0;4853;11
2021-03-15;20-59;4255;1153;2477.0;477.0;148.0;77065;2980
2021-03-15;60+;20901;3024;10903.0;6825.0;149.0;189549;62107
2021-03-15;whole;25469;4219;13581.0;7361.0;308.0;273771;65451
2021-03-16;0-19;111;14;74.0;14.0;9.0;4878;11
2021-03-16;20-59;4311;1146;2519.0;486.0;160.0;77569;2998
2021-03-16;60+;20870;3045;10868.0;6807.0;150.0;190590;62403
2021-03-16;whole;25492;4239;13580.0;7352.0;321.0;275360;65765
2021-03-17;0-19;109;15;70.0;14.0;10.0;4897;11
2021-03-17;20-59;4335;1154;2538.0;483.0;160.0;78018;3009
2021-03-17;60+;20677;3013;10792.0;6727.0;145.0;191736;62634
2021-03-17;whole;25314;4219;13514.0;7264.0;317.0;276993;66006
2021-03-18;0-19;120;19;79.0;13.0;9.0;4910;11
2021-03-18;20-59;4430;1160;2616.0;492.0;162.0;78393;3020
2021-03-18;60+;20657;3036;10771.0;6703.0;147.0;192601;62891
2021-03-18;whole;25389;4246;13576.0;7247.0;320.0;278263;66274
2021-03-19;0-19;122;18;83.0;12.0;9.0;4932;11
2021-03-19;20-59;4503;1174;2666.0;501.0;162.0;78807;3030
2021-03-19;60+;20528;3062;10685.0;6635.0;146.0;193537;63164
2021-03-19;whole;25339;4287;13545.0;7188.0;319.0;279646;66559
2021-03-20;0-19;118;16;82.0;12.0;8.0;4949;11
2021-03-20;20-59;4553;1188;2707.0;495.0;163.0;79125;3037
2021-03-20;60+;20660;3114;10742.0;6661.0;143.0;194118;63332
2021-03-20;whole;25537;4353;13661.0;7208.0;315.0;280571;66735
2021-03-21;0-19;122;16;86.0;12.0;8.0;4954;11
2021-03-21;20-59;4661;1210;2791.0;496.0;164.0;79285;3047
2021-03-21;60+;20929;3143;10986.0;6657.0;143.0;194332;63460
2021-03-21;whole;25926;4406;13999.0;7205.0;316.0;280955;66873
2021-03-22;0-19;127;15;91.0;12.0;9.0;4977;11
2021-03-22;20-59;4846;1246;2944.0;488.0;168.0;79614;3065
2021-03-22;60+;21298;3250;11269.0;6635.0;144.0;194892;63784
2021-03-22;whole;26488;4548;14442.0;7176.0;322.0;281885;67216
2021-03-23;0-19;117;12;84.0;12.0;9.0;5005;11
2021-03-23;20-59;4904;1280;2951.0;496.0;177.0;80158;3086
2021-03-23;60+;21530;3302;11455.0;6629.0;144.0;195916;64048
2021-03-23;whole;26756;4634;14616.0;7175.0;331.0;283507;67503
2021-03-24;0-19;117;12;85.0;11.0;9.0;5035;11
2021-03-24;20-59;4940;1292;2959.0;509.0;180.0;80681;3098
2021-03-24;60+;21610;3306;11512.0;6647.0;145.0;197029;64280
2021-03-24;whole;26876;4651;14686.0;7204.0;335.0;285199;67748
2021-03-25;0-19;124;12;91.0;11.0;10.0;5058;11
2021-03-25;20-59;5031;1276;3047.0;522.0;186.0;81111;3113
2021-03-25;60+;21675;3383;11524.0;6626.0;142.0;197961;64490
2021-03-25;whole;27036;4709;14793.0;7195.0;339.0;286607;67973
2021-03-26;0-19;129;14;93.0;11.0;11.0;5083;11
2021-03-26;20-59;5144;1295;3127.0;533.0;189.0;81567;3123
2021-03-26;60+;21753;3416;11546.0;6650.0;141.0;198914;64783
2021-03-26;whole;27242;4766;14904.0;7230.0;342.0;288062;68276
2021-03-27;0-19;126;17;87.0;11.0;11.0;5106;11
2021-03-27;20-59;5127;1298;3099.0;540.0;190.0;82032;3129
2021-03-27;60+;21780;3436;11538.0;6665.0;141.0;199701;64967
2021-03-27;whole;27259;4791;14873.0;7253.0;342.0;289350;68466
2021-03-28;0-19;124;14;87.0;11.0;12.0;5116;11
2021-03-28;20-59;5294;1335;3228.0;544.0;187.0;82189;3136
2021-03-28;60+;22056;3480;11749.0;6687.0;140.0;199927;65090
2021-03-28;whole;27712;4872;15221.0;7279.0;340.0;289752;68597
2021-03-29;0-19;124;15;84.0;11.0;14.0;5140;11
2021-03-29;20-59;5463;1363;3364.0;542.0;194.0;82616;3156
2021-03-29;60+;22485;3551;12086.0;6708.0;140.0;200519;65426
2021-03-29;whole;28322;4974;15700.0;7298.0;350.0;290810;68957
2021-03-30;0-19;128;19;84.0;10.0;15.0;5163;11
2021-03-30;20-59;5515;1416;3368.0;554.0;177.0;83304;3170
2021-03-30;60+;22605;3580;12188.0;6694.0;143.0;201768;65747
2021-03-30;whole;28510;5072;15805.0;7297.0;336.0;292796;69293
2021-03-31;0-19;132;15;94.0;9.0;14.0;5192;11
2021-03-31;20-59;5525;1418;3366.0;562.0;179.0;83962;3182
2021-03-31;60+;22560;3569;12162.0;6684.0;145.0;202900;66035
2021-03-31;whole;28463;5053;15777.0;7294.0;339.0;294638;69596
2021-04-01;0-19;131;12;96.0;9.0;14.0;5214;11
2021-04-01;20-59;5574;1432;3397.0;568.0;177.0;84473;3200
2021-04-01;60+;22626;3614;12207.0;6658.0;147.0;203885;66324
2021-04-01;whole;28581;5109;15858.0;7275.0;339.0;296166;69904
2021-04-02;0-19;138;15;100.0;8.0;15.0;5247;11
2021-04-02;20-59;5651;1504;3407.0;568.0;172.0;85014;3208
2021-04-02;60+;22685;3681;12190.0;6665.0;149.0;204855;66611
2021-04-02;whole;28729;5254;15856.0;7282.0;337.0;297734;70204
