dep;clage_vacsi;jour;n_tot_dose1;n_tot_complet;pop;couv_tot_dose1;couv_tot_complet
00;59;2021-04-26;0;1;;;
00;69;2021-04-26;0;1;;;
00;79;2021-04-26;1;0;;;
00;80;2021-04-26;1;0;;;
01;24;2021-04-26;957;236;45088.0;2.1;0.5
01;29;2021-04-26;1139;291;34820.0;3.3;0.8
01;39;2021-04-26;3721;978;85588.0;4.3;1.1
01;49;2021-04-26;6311;1807;89678.0;7.0;2.0
01;59;2021-04-26;16792;4166;89791.0;18.7;4.6
01;64;2021-04-26;14171;2205;38384.0;36.9;5.7
01;69;2021-04-26;15926;2750;35116.0;45.4;7.8
01;74;2021-04-26;19756;5280;30953.0;63.8;17.1
01;79;2021-04-26;14359;10274;20058.0;71.6;51.2
01;80;2021-04-26;22489;16492;34225.0;65.7;48.2
02;24;2021-04-26;1053;281;37469.0;2.8;0.7
02;29;2021-04-26;1119;377;26232.0;4.3;1.4
02;39;2021-04-26;3525;1308;62599.0;5.6;2.1
02;49;2021-04-26;5423;2156;64812.0;8.4;3.3
02;59;2021-04-26;15581;4437;70352.0;22.1;6.3
02;64;2021-04-26;12255;2585;34901.0;35.1;7.4
02;69;2021-04-26;14409;3705;34176.0;42.2;10.8
02;74;2021-04-26;18649;6638;28969.0;64.4;22.9
02;79;2021-04-26;11989;8668;16402.0;73.1;52.8
02;80;2021-04-26;20393;15075;32544.0;62.7;46.3
03;24;2021-04-26;814;194;20427.0;4.0;0.9
03;29;2021-04-26;821;287;14422.0;5.7;2.0
03;39;2021-04-26;2514;1015;33349.0;7.5;3.0
03;49;2021-04-26;4267;1745;39464.0;10.8;4.4
03;59;2021-04-26;11110;3434;45840.0;24.2;7.5
03;64;2021-04-26;9290;1751;23776.0;39.1;7.4
03;69;2021-04-26;11626;2272;25182.0;46.2;9.0
03;74;2021-04-26;15026;4543;23121.0;65.0;19.6
03;79;2021-04-26;11701;9083;15099.0;77.5;60.2
03;80;2021-04-26;21012;16405;30684.0;68.5;53.5
04;24;2021-04-26;151;39;9366.0;1.6;0.4
04;29;2021-04-26;223;54;7090.0;3.1;0.8
04;39;2021-04-26;726;238;17545.0;4.1;1.4
04;49;2021-04-26;1612;539;19525.0;8.3;2.8
04;59;2021-04-26;5039;1404;23898.0;21.1;5.9
04;64;2021-04-26;4395;824;12510.0;35.1;6.6
04;69;2021-04-26;5426;1239;11975.0;45.3;10.3
04;74;2021-04-26;7614;2455;11196.0;68.0;21.9
04;79;2021-04-26;6088;4390;7612.0;80.0;57.7
04;80;2021-04-26;8858;6403;13386.0;66.2;47.8
05;24;2021-04-26;176;51;8030.0;2.2;0.6
05;29;2021-04-26;308;97;6298.0;4.9;1.5
05;39;2021-04-26;995;344;16000.0;6.2;2.2
05;49;2021-04-26;1571;574;17800.0;8.8;3.2
05;59;2021-04-26;4454;1369;20029.0;22.2;6.8
05;64;2021-04-26;3994;732;10157.0;39.3;7.2
05;69;2021-04-26;4965;801;10059.0;49.4;8.0
05;74;2021-04-26;6641;1947;8831.0;75.2;22.0
05;79;2021-04-26;4816;3640;5786.0;83.2;62.9
05;80;2021-04-26;7373;5712;11099.0;66.4;51.5
06;24;2021-04-26;2504;607;75754.0;3.3;0.8
06;29;2021-04-26;3280;1011;53360.0;6.1;1.9
06;39;2021-04-26;10122;3142;126997.0;8.0;2.5
06;49;2021-04-26;18884;5035;136067.0;13.9;3.7
06;59;2021-04-26;47617;10496;146182.0;32.6;7.2
06;64;2021-04-26;34510;6390;67948.0;50.8;9.4
06;69;2021-04-26;38447;11112;65935.0;58.3;16.9
06;74;2021-04-26;46586;19835;64545.0;72.2;30.7
06;79;2021-04-26;39080;30518;49474.0;79.0;61.7
06;80;2021-04-26;62389;48688;89569.0;69.7;54.4
07;24;2021-04-26;446;200;18892.0;2.4;1.1
07;29;2021-04-26;562;290;13765.0;4.1;2.1
07;39;2021-04-26;2051;975;34837.0;5.9;2.8
07;49;2021-04-26;3727;1705;41497.0;9.0;4.1
07;59;2021-04-26;10041;3240;46663.0;21.5;6.9
07;64;2021-04-26;8609;1647;23577.0;36.5;7.0
07;69;2021-04-26;11057;2145;23453.0;47.1;9.1
07;74;2021-04-26;14103;3852;21460.0;65.7;17.9
07;79;2021-04-26;10291;7123;13721.0;75.0;51.9
07;80;2021-04-26;16523;11878;24817.0;66.6;47.9
08;24;2021-04-26;663;150;18037.0;3.7;0.8
08;29;2021-04-26;798;206;13085.0;6.1;1.6
08;39;2021-04-26;2451;665;30561.0;8.0;2.2
08;49;2021-04-26;3601;993;32888.0;10.9;3.0
08;59;2021-04-26;10283;2276;37571.0;27.4;6.1
08;64;2021-04-26;8534;1339;18636.0;45.8;7.2
08;69;2021-04-26;9513;1745;17922.0;53.1;9.7
08;74;2021-04-26;10690;3163;15463.0;69.1;20.5
08;79;2021-04-26;6669;5091;8669.0;76.9;58.7
08;80;2021-04-26;11842;9265;18175.0;65.2;51.0
09;24;2021-04-26;324;78;9110.0;3.6;0.9
09;29;2021-04-26;386;109;6679.0;5.8;1.6
09;39;2021-04-26;1201;406;15798.0;7.6;2.6
09;49;2021-04-26;2366;772;18797.0;12.6;4.1
09;59;2021-04-26;5480;1484;21635.0;25.3;6.9
09;64;2021-04-26;4426;795;11336.0;39.0;7.0
09;69;2021-04-26;5770;1128;11303.0;51.0;10.0
09;74;2021-04-26;7613;2117;10028.0;75.9;21.1
09;79;2021-04-26;5528;3786;6375.0;86.7;59.4
09;80;2021-04-26;9078;6477;13426.0;67.6;48.2
10;24;2021-04-26;758;265;24096.0;3.1;1.1
10;29;2021-04-26;856;329;16549.0;5.2;2.0
10;39;2021-04-26;2568;1017;36584.0;7.0;2.8
10;49;2021-04-26;4082;1570;38394.0;10.6;4.1
10;59;2021-04-26;10447;3224;39551.0;26.4;8.2
10;64;2021-04-26;8753;1629;19401.0;45.1;8.4
10;69;2021-04-26;10319;2308;19343.0;53.3;11.9
10;74;2021-04-26;13253;4360;17592.0;75.3;24.8
10;79;2021-04-26;9171;7146;10554.0;86.9;67.7
10;80;2021-04-26;15283;11772;20810.0;73.4;56.6
11;24;2021-04-26;556;183;22902.0;2.4;0.8
11;29;2021-04-26;665;233;15409.0;4.3;1.5
11;39;2021-04-26;2208;791;39384.0;5.6;2.0
11;49;2021-04-26;4068;1501;45681.0;8.9;3.3
11;59;2021-04-26;11329;2987;51248.0;22.1;5.8
11;64;2021-04-26;9582;1679;26525.0;36.1;6.3
11;69;2021-04-26;12407;2280;27686.0;44.8;8.2
11;74;2021-04-26;15786;4256;25828.0;61.1;16.5
11;79;2021-04-26;11485;7369;16823.0;68.3;43.8
11;80;2021-04-26;17742;11868;30100.0;58.9;39.4
12;24;2021-04-26;566;122;16356.0;3.5;0.7
12;29;2021-04-26;687;222;11329.0;6.1;2.0
12;39;2021-04-26;2365;779;28724.0;8.2;2.7
12;49;2021-04-26;4104;1371;33377.0;12.3;4.1
12;59;2021-04-26;10018;2939;39683.0;25.2;7.4
12;64;2021-04-26;8445;1462;20219.0;41.8;7.2
12;69;2021-04-26;10803;1827;20502.0;52.7;8.9
12;74;2021-04-26;14030;3496;18733.0;74.9;18.7
12;79;2021-04-26;10089;7334;12213.0;82.6;60.1
12;80;2021-04-26;19065;14385;26666.0;71.5;53.9
13;24;2021-04-26;5514;1979;166869.0;3.3;1.2
13;29;2021-04-26;6331;2731;113164.0;5.6;2.4
13;39;2021-04-26;18061;7509;254362.0;7.1;3.0
13;49;2021-04-26;31658;12506;256640.0;12.3;4.9
13;59;2021-04-26;73898;23841;265649.0;27.8;9.0
13;64;2021-04-26;52211;14314;120563.0;43.3;11.9
13;69;2021-04-26;57780;17589;115967.0;49.8;15.2
13;74;2021-04-26;69689;27628;105855.0;65.8;26.1
13;79;2021-04-26;54737;39053;76830.0;71.2;50.8
13;80;2021-04-26;81439;58528;128303.0;63.5;45.6
14;24;2021-04-26;2993;629;60987.0;4.9;1.0
14;29;2021-04-26;2794;717;34960.0;8.0;2.1
14;39;2021-04-26;7089;2095;78671.0;9.0;2.7
14;49;2021-04-26;9542;3028;84964.0;11.2;3.6
14;59;2021-04-26;22964;5851;89285.0;25.7;6.6
14;64;2021-04-26;19302;2800;45437.0;42.5;6.2
14;69;2021-04-26;22973;3452;45564.0;50.4;7.6
14;74;2021-04-26;30087;6496;39971.0;75.3;16.3
14;79;2021-04-26;20279;14496;23384.0;86.7;62.0
14;80;2021-04-26;34505;25954;47097.0;73.3;55.1
15;24;2021-04-26;367;80;8091.0;4.5;1.0
15;29;2021-04-26;413;104;5406.0;7.6;1.9
15;39;2021-04-26;1332;389;14131.0;9.4;2.8
15;49;2021-04-26;2109;639;17202.0;12.3;3.7
15;59;2021-04-26;5008;1540;21195.0;23.6;7.3
15;64;2021-04-26;4289;697;11135.0;38.5;6.3
15;69;2021-04-26;5450;875;11435.0;47.7;7.7
15;74;2021-04-26;7309;1632;10127.0;72.2;16.1
15;79;2021-04-26;4991;3495;6453.0;77.3;54.2
15;80;2021-04-26;9323;6827;13739.0;67.9;49.7
16;24;2021-04-26;423;143;22805.0;1.9;0.6
16;29;2021-04-26;750;271;16488.0;4.5;1.6
16;39;2021-04-26;2091;710;37221.0;5.6;1.9
16;49;2021-04-26;3506;1277;42419.0;8.3;3.0
16;59;2021-04-26;10002;2647;48767.0;20.5;5.4
16;64;2021-04-26;9077;1356;25626.0;35.4;5.3
16;69;2021-04-26;11184;1600;25227.0;44.3;6.3
16;74;2021-04-26;15432;2874;22007.0;70.1;13.1
16;79;2021-04-26;11681;7372;14324.0;81.5;51.5
16;80;2021-04-26;21019;14489;29131.0;72.2;49.7
17;24;2021-04-26;1058;301;41888.0;2.5;0.7
17;29;2021-04-26;1481;478;25772.0;5.7;1.9
17;39;2021-04-26;4481;1547;66631.0;6.7;2.3
17;49;2021-04-26;6991;2647;78405.0;8.9;3.4
17;59;2021-04-26;18546;5423;85909.0;21.6;6.3
17;64;2021-04-26;17632;2557;47547.0;37.1;5.4
17;69;2021-04-26;24074;3653;51529.0;46.7;7.1
17;74;2021-04-26;35279;8002;47920.0;73.6;16.7
17;79;2021-04-26;25039;17831;30024.0;83.4;59.4
17;80;2021-04-26;39286;28647;55292.0;71.1;51.8
18;24;2021-04-26;429;136;18426.0;2.3;0.7
18;29;2021-04-26;554;168;13223.0;4.2;1.3
18;39;2021-04-26;1732;578;31552.0;5.5;1.8
18;49;2021-04-26;3129;1165;35301.0;8.9;3.3
18;59;2021-04-26;8578;2655;41611.0;20.6;6.4
18;64;2021-04-26;7942;1376;21471.0;37.0;6.4
18;69;2021-04-26;9802;1663;21413.0;45.8;7.8
18;74;2021-04-26;13848;3553;20101.0;68.9;17.7
18;79;2021-04-26;10479;6753;12438.0;84.2;54.3
18;80;2021-04-26;18078;12849;24943.0;72.5;51.5
19;24;2021-04-26;550;157;15462.0;3.6;1.0
19;29;2021-04-26;687;272;10380.0;6.6;2.6
19;39;2021-04-26;1865;733;24486.0;7.6;3.0
19;49;2021-04-26;3113;1244;29167.0;10.7;4.3
19;59;2021-04-26;8275;2810;33019.0;25.1;8.5
19;64;2021-04-26;6667;1430;17701.0;37.7;8.1
19;69;2021-04-26;8250;1889;18195.0;45.3;10.4
19;74;2021-04-26;10948;3398;16310.0;67.1;20.8
19;79;2021-04-26;8231;5882;10544.0;78.1;55.8
19;80;2021-04-26;15754;11462;22198.0;71.0;51.6
20;24;2021-04-26;3;0;;;
20;29;2021-04-26;4;0;;;
20;39;2021-04-26;23;0;;;
20;49;2021-04-26;21;0;;;
20;59;2021-04-26;137;1;;;
20;64;2021-04-26;93;0;;;
20;69;2021-04-26;83;1;;;
20;74;2021-04-26;62;0;;;
20;79;2021-04-26;9;2;;;
20;80;2021-04-26;21;5;;;
21;24;2021-04-26;2439;894;51370.0;4.7;1.7
21;29;2021-04-26;2019;884;29584.0;6.8;3.0
21;39;2021-04-26;4779;2137;62868.0;7.6;3.4
21;49;2021-04-26;6231;2927;65826.0;9.5;4.4
21;59;2021-04-26;15813;5162;68688.0;23.0;7.5
21;64;2021-04-26;12053;2550;33480.0;36.0;7.6
21;69;2021-04-26;13796;3253;32324.0;42.7;10.1
21;74;2021-04-26;19580;5937;29647.0;66.0;20.0
21;79;2021-04-26;14573;11134;18184.0;80.1;61.2
21;80;2021-04-26;25166;19431;34790.0;72.3;55.9
22;24;2021-04-26;1550;457;36952.0;4.2;1.2
22;29;2021-04-26;1785;596;23678.0;7.5;2.5
22;39;2021-04-26;5627;1927;60806.0;9.3;3.2
22;49;2021-04-26;8705;3189;72804.0;12.0;4.4
22;59;2021-04-26;20008;7142;80453.0;24.9;8.9
22;64;2021-04-26;17369;3752;43408.0;40.0;8.6
22;69;2021-04-26;22699;5350;44297.0;51.2;12.1
22;74;2021-04-26;33623;9249;40776.0;82.5;22.7
22;79;2021-04-26;21483;15248;24257.0;88.6;62.9
22;80;2021-04-26;38892;28904;50299.0;77.3;57.5
23;24;2021-04-26;242;61;6260.0;3.9;1.0
23;29;2021-04-26;297;110;4492.0;6.6;2.4
23;39;2021-04-26;881;325;10711.0;8.2;3.0
23;49;2021-04-26;1512;562;13371.0;11.3;4.2
23;59;2021-04-26;4316;1320;17031.0;25.3;7.8
23;64;2021-04-26;4148;753;9821.0;42.2;7.7
23;69;2021-04-26;4918;997;9849.0;49.9;10.1
23;74;2021-04-26;6007;1948;8970.0;67.0;21.7
23;79;2021-04-26;4114;2893;5131.0;80.2;56.4
23;80;2021-04-26;8110;5977;11943.0;67.9;50.0
24;24;2021-04-26;554;179;22541.0;2.5;0.8
24;29;2021-04-26;809;280;15932.0;5.1;1.8
24;39;2021-04-26;2602;937;39189.0;6.6;2.4
24;49;2021-04-26;4639;1674;48292.0;9.6;3.5
24;59;2021-04-26;13674;3689;59110.0;23.1;6.2
24;64;2021-04-26;12077;1938;32291.0;37.4;6.0
24;69;2021-04-26;15117;2225;33389.0;45.3;6.7
24;74;2021-04-26;20392;4247;30858.0;66.1;13.8
24;79;2021-04-26;14201;8516;19184.0;74.0;44.4
24;80;2021-04-26;24370;15676;38638.0;63.1;40.6
25;24;2021-04-26;1147;356;47429.0;2.4;0.8
25;29;2021-04-26;1258;390;30431.0;4.1;1.3
25;39;2021-04-26;3186;1183;67253.0;4.7;1.8
25;49;2021-04-26;4745;1758;67339.0;7.0;2.6
25;59;2021-04-26;13418;4149;67781.0;19.8;6.1
25;64;2021-04-26;11529;2147;31706.0;36.4;6.8
25;69;2021-04-26;13334;2695;30203.0;44.1;8.9
25;74;2021-04-26;18376;5633;28593.0;64.3;19.7
25;79;2021-04-26;13929;10836;17681.0;78.8;61.3
25;80;2021-04-26;23260;18236;33060.0;70.4;55.2
26;24;2021-04-26;750;165;34548.0;2.2;0.5
26;29;2021-04-26;977;278;24822.0;3.9;1.1
26;39;2021-04-26;3354;966;62462.0;5.4;1.5
26;49;2021-04-26;5407;1623;65055.0;8.3;2.5
26;59;2021-04-26;15539;4084;69283.0;22.4;5.9
26;64;2021-04-26;12733;2176;33560.0;37.9;6.5
26;69;2021-04-26;15769;3145;32308.0;48.8;9.7
26;74;2021-04-26;21043;6286;29997.0;70.2;21.0
26;79;2021-04-26;16734;12894;19941.0;83.9;64.7
26;80;2021-04-26;24713;19055;34888.0;70.8;54.6
27;24;2021-04-26;866;235;40670.0;2.1;0.6
27;29;2021-04-26;1039;331;28567.0;3.6;1.2
27;39;2021-04-26;3502;1219;73301.0;4.8;1.7
27;49;2021-04-26;5279;2076;80019.0;6.6;2.6
27;59;2021-04-26;15776;4358;80762.0;19.5;5.4
27;64;2021-04-26;13756;2515;38454.0;35.8;6.5
27;69;2021-04-26;16220;3497;36662.0;44.2;9.5
27;74;2021-04-26;20747;6922;31470.0;65.9;22.0
27;79;2021-04-26;15199;11409;18731.0;81.1;60.9
27;80;2021-04-26;23412;17940;33986.0;68.9;52.8
28;24;2021-04-26;853;189;27514.0;3.1;0.7
28;29;2021-04-26;990;254;20894.0;4.7;1.2
28;39;2021-04-26;3234;920;51269.0;6.3;1.8
28;49;2021-04-26;4986;1570;55770.0;8.9;2.8
28;59;2021-04-26;12905;3227;57755.0;22.3;5.6
28;64;2021-04-26;11189;1480;27002.0;41.4;5.5
28;69;2021-04-26;13168;1645;26418.0;49.8;6.2
28;74;2021-04-26;16755;3242;23002.0;72.8;14.1
28;79;2021-04-26;11429;8189;13878.0;82.4;59.0
28;80;2021-04-26;19981;14631;28717.0;69.6;50.9
29;24;2021-04-26;3007;647;70022.0;4.3;0.9
29;29;2021-04-26;3325;868;42569.0;7.8;2.0
29;39;2021-04-26;8660;2590;99828.0;8.7;2.6
29;49;2021-04-26;12430;4166;113799.0;10.9;3.7
29;59;2021-04-26;29840;8926;123509.0;24.2;7.2
29;64;2021-04-26;25018;3161;63508.0;39.4;5.0
29;69;2021-04-26;28806;3359;60999.0;47.2;5.5
29;74;2021-04-26;40448;6702;54208.0;74.6;12.4
29;79;2021-04-26;27207;16252;32298.0;84.2;50.3
29;80;2021-04-26;50472;32675;67044.0;75.3;48.7
2A;24;2021-04-26;494;123;9206.0;5.4;1.3
2A;29;2021-04-26;806;239;7844.0;10.3;3.0
2A;39;2021-04-26;2787;894;20657.0;13.5;4.3
2A;49;2021-04-26;5171;1734;22044.0;23.5;7.9
2A;59;2021-04-26;9757;3481;23268.0;41.9;15.0
2A;64;2021-04-26;5849;2270;10671.0;54.8;21.3
2A;69;2021-04-26;6461;2941;10602.0;60.9;27.7
2A;74;2021-04-26;6616;3775;9731.0;68.0;38.8
2A;79;2021-04-26;4865;3828;7933.0;61.3;48.3
2A;80;2021-04-26;7146;5630;11632.0;61.4;48.4
2B;24;2021-04-26;250;93;13486.0;1.9;0.7
2B;29;2021-04-26;404;156;9563.0;4.2;1.6
2B;39;2021-04-26;2052;549;22967.0;8.9;2.4
2B;49;2021-04-26;4726;1095;23161.0;20.4;4.7
2B;59;2021-04-26;9168;2508;24702.0;37.1;10.2
2B;64;2021-04-26;6173;1820;11790.0;52.4;15.4
2B;69;2021-04-26;6868;2381;12032.0;57.1;19.8
2B;74;2021-04-26;7527;3597;10849.0;69.4;33.2
2B;79;2021-04-26;5671;4575;8172.0;69.4;56.0
2B;80;2021-04-26;8597;7100;12552.0;68.5;56.6
30;24;2021-04-26;1506;796;52820.0;2.9;1.5
30;29;2021-04-26;1748;930;34641.0;5.0;2.7
30;39;2021-04-26;5203;2585;84369.0;6.2;3.1
30;49;2021-04-26;8192;3786;91908.0;8.9;4.1
30;59;2021-04-26;22262;7140;103521.0;21.5;6.9
30;64;2021-04-26;18709;3653;50969.0;36.7;7.2
30;69;2021-04-26;23000;4611;50457.0;45.6;9.1
30;74;2021-04-26;33025;9382;45688.0;72.3;20.5
30;79;2021-04-26;24503;17713;30153.0;81.3;58.7
30;80;2021-04-26;35595;25928;50677.0;70.2;51.2
31;24;2021-04-26;4789;1378;147618.0;3.2;0.9
31;29;2021-04-26;5148;1744;96416.0;5.3;1.8
31;39;2021-04-26;11975;4241;194920.0;6.1;2.2
31;49;2021-04-26;16807;5752;184340.0;9.1;3.1
31;59;2021-04-26;47983;11180;174175.0;27.5;6.4
31;64;2021-04-26;35706;5057;72167.0;49.5;7.0
31;69;2021-04-26;35851;4764;65865.0;54.4;7.2
31;74;2021-04-26;41633;8352;59889.0;69.5;13.9
31;79;2021-04-26;30153;17637;39232.0;76.9;45.0
31;80;2021-04-26;49431;30662;70928.0;69.7;43.2
32;24;2021-04-26;386;156;10079.0;3.8;1.5
32;29;2021-04-26;513;244;7305.0;7.0;3.3
32;39;2021-04-26;1393;611;18813.0;7.4;3.2
32;49;2021-04-26;2391;1052;23258.0;10.3;4.5
32;59;2021-04-26;5839;1835;27973.0;20.9;6.6
32;64;2021-04-26;6016;774;14418.0;41.7;5.4
32;69;2021-04-26;7094;805;14445.0;49.1;5.6
32;74;2021-04-26;8734;1369;13008.0;67.1;10.5
32;79;2021-04-26;6324;3664;8613.0;73.4;42.5
32;80;2021-04-26;11863;7373;18030.0;65.8;40.9
33;24;2021-04-26;5510;1646;152227.0;3.6;1.1
33;29;2021-04-26;6095;1951;96491.0;6.3;2.0
33;39;2021-04-26;16306;5082;211536.0;7.7;2.4
33;49;2021-04-26;22927;6988;220133.0;10.4;3.2
33;59;2021-04-26;56587;13453;205186.0;27.6;6.6
33;64;2021-04-26;42945;6184;94195.0;45.6;6.6
33;69;2021-04-26;49128;7756;91164.0;53.9;8.5
33;74;2021-04-26;62900;14519;82221.0;76.5;17.7
33;79;2021-04-26;42878;27923;51472.0;83.3;54.2
33;80;2021-04-26;68904;45722;93624.0;73.6;48.8
34;24;2021-04-26;2880;828;109686.0;2.6;0.8
34;29;2021-04-26;3845;1254;65836.0;5.8;1.9
34;39;2021-04-26;9858;3564;142491.0;6.9;2.5
34;49;2021-04-26;14129;5464;145553.0;9.7;3.8
34;59;2021-04-26;35725;10108;147241.0;24.3;6.9
34;64;2021-04-26;29581;5311;69781.0;42.4;7.6
34;69;2021-04-26;35043;6699;71456.0;49.0;9.4
34;74;2021-04-26;45884;13454;67486.0;68.0;19.9
34;79;2021-04-26;35131;25059;44508.0;78.9;56.3
34;80;2021-04-26;51289;37009;75563.0;67.9;49.0
35;24;2021-04-26;4271;922;104190.0;4.1;0.9
35;29;2021-04-26;4261;1015;61845.0;6.9;1.6
35;39;2021-04-26;10778;2851;136675.0;7.9;2.1
35;49;2021-04-26;13862;4144;143253.0;9.7;2.9
35;59;2021-04-26;32575;8159;135357.0;24.1;6.0
35;64;2021-04-26;24885;3138;59016.0;42.2;5.3
35;69;2021-04-26;27621;3573;55998.0;49.3;6.4
35;74;2021-04-26;37765;6563;50609.0;74.6;13.0
35;79;2021-04-26;26161;16620;30280.0;86.4;54.9
35;80;2021-04-26;48819;32719;62438.0;78.2;52.4
36;24;2021-04-26;430;126;13347.0;3.2;0.9
36;29;2021-04-26;521;194;8959.0;5.8;2.2
36;39;2021-04-26;1543;615;20646.0;7.5;3.0
36;49;2021-04-26;2431;970;25665.0;9.5;3.8
36;59;2021-04-26;7019;2154;30627.0;22.9;7.0
36;64;2021-04-26;6208;872;16697.0;37.2;5.2
36;69;2021-04-26;7571;1058;16845.0;44.9;6.3
36;74;2021-04-26;10520;2189;15444.0;68.1;14.2
36;79;2021-04-26;8117;5917;9912.0;81.9;59.7
36;80;2021-04-26;14839;11215;20492.0;72.4;54.7
37;24;2021-04-26;2608;437;51128.0;5.1;0.9
37;29;2021-04-26;2239;473;30771.0;7.3;1.5
37;39;2021-04-26;5422;1455;71384.0;7.6;2.0
37;49;2021-04-26;6694;2056;75823.0;8.8;2.7
37;59;2021-04-26;18074;5309;77908.0;23.2;6.8
37;64;2021-04-26;14655;2182;38120.0;38.4;5.7
37;69;2021-04-26;16919;2029;37052.0;45.7;5.5
37;74;2021-04-26;22540;3371;33451.0;67.4;10.1
37;79;2021-04-26;16342;9325;21199.0;77.1;44.0
37;80;2021-04-26;29607;18112;43131.0;68.6;42.0
38;24;2021-04-26;3475;905;108965.0;3.2;0.8
38;29;2021-04-26;3600;1144;67727.0;5.3;1.7
38;39;2021-04-26;9683;3190;156507.0;6.2;2.0
38;49;2021-04-26;13637;4552;166838.0;8.2;2.7
38;59;2021-04-26;38595;9010;165540.0;23.3;5.4
38;64;2021-04-26;32700;4914;73262.0;44.6;6.7
38;69;2021-04-26;35206;5581;68087.0;51.7;8.2
38;74;2021-04-26;43108;11237;60493.0;71.3;18.6
38;79;2021-04-26;32162;23993;41745.0;77.0;57.5
38;80;2021-04-26;49546;37494;70307.0;70.5;53.3
39;24;2021-04-26;312;157;16259.0;1.9;1.0
39;29;2021-04-26;430;233;11639.0;3.7;2.0
39;39;2021-04-26;1432;839;28552.0;5.0;2.9
39;49;2021-04-26;2446;1422;32094.0;7.6;4.4
39;59;2021-04-26;7100;2736;36427.0;19.5;7.5
39;64;2021-04-26;5994;1333;17732.0;33.8;7.5
39;69;2021-04-26;7200;1708;17001.0;42.4;10.0
39;74;2021-04-26;10382;3038;15842.0;65.5;19.2
39;79;2021-04-26;8699;6913;10318.0;84.3;67.0
39;80;2021-04-26;13863;11010;19732.0;70.3;55.8
40;24;2021-04-26;708;214;23141.0;3.1;0.9
40;29;2021-04-26;945;362;17313.0;5.5;2.1
40;39;2021-04-26;2864;1151;45849.0;6.2;2.5
40;49;2021-04-26;4825;1919;54129.0;8.9;3.5
40;59;2021-04-26;14033;3651;58062.0;24.2;6.3
40;64;2021-04-26;11928;1729;29228.0;40.8;5.9
40;69;2021-04-26;15236;2409;30256.0;50.4;8.0
40;74;2021-04-26;20514;4617;27412.0;74.8;16.8
40;79;2021-04-26;14195;9443;17201.0;82.5;54.9
40;80;2021-04-26;23608;16306;32052.0;73.7;50.9
41;24;2021-04-26;669;196;20436.0;3.3;1.0
41;29;2021-04-26;745;299;14376.0;5.2;2.1
41;39;2021-04-26;2186;918;34921.0;6.3;2.6
41;49;2021-04-26;3319;1404;40911.0;8.1;3.4
41;59;2021-04-26;8848;2944;45162.0;19.6;6.5
41;64;2021-04-26;8808;1320;22728.0;38.8;5.8
41;69;2021-04-26;10223;1423;22685.0;45.1;6.3
41;74;2021-04-26;14223;2780;20510.0;69.3;13.6
41;79;2021-04-26;10768;7170;12424.0;86.7;57.7
41;80;2021-04-26;20359;14315;27559.0;73.9;51.9
42;24;2021-04-26;2370;574;61452.0;3.9;0.9
42;29;2021-04-26;2354;737;38460.0;6.1;1.9
42;39;2021-04-26;6832;2181;87478.0;7.8;2.5
42;49;2021-04-26;10466;3334;93717.0;11.2;3.6
42;59;2021-04-26;24833;6517;96985.0;25.6;6.7
42;64;2021-04-26;19959;3382;45737.0;43.6;7.4
42;69;2021-04-26;22913;4274;46317.0;49.5;9.2
42;74;2021-04-26;28686;7456;44186.0;64.9;16.9
42;79;2021-04-26;21881;15098;28220.0;77.5;53.5
42;80;2021-04-26;37867;26565;55551.0;68.2;47.8
43;24;2021-04-26;313;129;13944.0;2.2;0.9
43;29;2021-04-26;399;200;9892.0;4.0;2.0
43;39;2021-04-26;1327;600;24155.0;5.5;2.5
43;49;2021-04-26;2254;1054;28786.0;7.8;3.7
43;59;2021-04-26;6187;2209;32117.0;19.3;6.9
43;64;2021-04-26;5326;1270;16538.0;32.2;7.7
43;69;2021-04-26;6888;2019;15751.0;43.7;12.8
43;74;2021-04-26;10264;4406;14568.0;70.5;30.2
43;79;2021-04-26;7240;5900;8692.0;83.3;67.9
43;80;2021-04-26;12835;10538;17542.0;73.2;60.1
44;24;2021-04-26;4221;1048;121915.0;3.5;0.9
44;29;2021-04-26;4637;1273;83347.0;5.6;1.5
44;39;2021-04-26;11944;3678;190072.0;6.3;1.9
44;49;2021-04-26;15863;5465;190724.0;8.3;2.9
44;59;2021-04-26;39379;11030;177335.0;22.2;6.2
44;64;2021-04-26;31884;4510;80388.0;39.7;5.6
44;69;2021-04-26;36274;4738;78183.0;46.4;6.1
44;74;2021-04-26;48138;8758;68887.0;69.9;12.7
44;79;2021-04-26;33091;18879;41100.0;80.5;45.9
44;80;2021-04-26;58226;36645;79175.0;73.5;46.3
45;24;2021-04-26;1097;258;53473.0;2.1;0.5
45;29;2021-04-26;1442;379;36199.0;4.0;1.0
45;39;2021-04-26;4073;1210;82596.0;4.9;1.5
45;49;2021-04-26;5470;1814;87117.0;6.3;2.1
45;59;2021-04-26;15628;4245;87500.0;17.9;4.9
45;64;2021-04-26;13495;1979;40935.0;33.0;4.8
45;69;2021-04-26;15627;2239;39320.0;39.7;5.7
45;74;2021-04-26;23689;5094;35729.0;66.3;14.3
45;79;2021-04-26;17176;11256;21933.0;78.3;51.3
45;80;2021-04-26;29641;20564;42663.0;69.5;48.2
46;24;2021-04-26;319;64;9162.0;3.5;0.7
46;29;2021-04-26;384;128;6807.0;5.6;1.9
46;39;2021-04-26;1110;392;16429.0;6.8;2.4
46;49;2021-04-26;2020;696;19814.0;10.2;3.5
46;59;2021-04-26;5769;1753;24719.0;23.3;7.1
46;64;2021-04-26;5281;954;14220.0;37.1;6.7
46;69;2021-04-26;6933;1311;14062.0;49.3;9.3
46;74;2021-04-26;9305;2678;13341.0;69.7;20.1
46;79;2021-04-26;6961;5137;8404.0;82.8;61.1
46;80;2021-04-26;12140;9211;17380.0;69.9;53.0
47;24;2021-04-26;484;116;20332.0;2.4;0.6
47;29;2021-04-26;607;200;14531.0;4.2;1.4
47;39;2021-04-26;1987;699;35714.0;5.6;2.0
47;49;2021-04-26;3271;1118;38760.0;8.4;2.9
47;59;2021-04-26;9729;2628;45512.0;21.4;5.8
47;64;2021-04-26;8697;1426;23318.0;37.3;6.1
47;69;2021-04-26;10557;1661;23718.0;44.5;7.0
47;74;2021-04-26;13869;3194;21876.0;63.4;14.6
47;79;2021-04-26;10600;6529;14687.0;72.2;44.5
47;80;2021-04-26;18255;11601;28326.0;64.4;41.0
48;24;2021-04-26;205;68;5269.0;3.9;1.3
48;29;2021-04-26;242;84;3397.0;7.1;2.5
48;39;2021-04-26;646;266;7892.0;8.2;3.4
48;49;2021-04-26;1240;537;9437.0;13.1;5.7
48;59;2021-04-26;2639;867;10818.0;24.4;8.0
48;64;2021-04-26;2048;435;5523.0;37.1;7.9
48;69;2021-04-26;2451;640;5546.0;44.2;11.5
48;74;2021-04-26;3215;1146;4893.0;65.7;23.4
48;79;2021-04-26;2330;1588;3046.0;76.5;52.1
48;80;2021-04-26;4348;3173;6546.0;66.4;48.5
49;24;2021-04-26;2965;724;73580.0;4.0;1.0
49;29;2021-04-26;2926;833;40160.0;7.3;2.1
49;39;2021-04-26;7305;2409;95013.0;7.7;2.5
49;49;2021-04-26;9603;3574;102005.0;9.4;3.5
49;59;2021-04-26;25009;6518;102416.0;24.4;6.4
49;64;2021-04-26;22465;2607;49545.0;45.3;5.3
49;69;2021-04-26;25829;2654;47115.0;54.8;5.6
49;74;2021-04-26;31727;5828;41943.0;75.6;13.9
49;79;2021-04-26;21648;14254;26000.0;83.3;54.8
49;80;2021-04-26;41008;28838;58095.0;70.6;49.6
50;24;2021-04-26;1235;399;30917.0;4.0;1.3
50;29;2021-04-26;1523;551;22751.0;6.7;2.4
50;39;2021-04-26;4442;1737;52724.0;8.4;3.3
50;49;2021-04-26;6535;2641;58061.0;11.3;4.5
50;59;2021-04-26;17122;5184;68673.0;24.9;7.5
50;64;2021-04-26;15239;2333;35084.0;43.4;6.6
50;69;2021-04-26;17331;2925;34247.0;50.6;8.5
50;74;2021-04-26;24492;5886;31790.0;77.0;18.5
50;79;2021-04-26;16146;11496;18769.0;86.0;61.2
50;80;2021-04-26;31415;23260;42204.0;74.4;55.1
51;24;2021-04-26;2106;426;53016.0;4.0;0.8
51;29;2021-04-26;2057;538;31606.0;6.5;1.7
51;39;2021-04-26;4640;1575;69338.0;6.7;2.3
51;49;2021-04-26;6354;2245;70406.0;9.0;3.2
51;59;2021-04-26;17402;4789;72009.0;24.2;6.7
51;64;2021-04-26;13199;2132;34031.0;38.8;6.3
51;69;2021-04-26;15080;2709;32988.0;45.7;8.2
51;74;2021-04-26;20464;5516;29996.0;68.2;18.4
51;79;2021-04-26;13699;10373;17033.0;80.4;60.9
51;80;2021-04-26;23423;18181;33132.0;70.7;54.9
52;24;2021-04-26;264;71;10948.0;2.4;0.6
52;29;2021-04-26;354;131;8345.0;4.2;1.6
52;39;2021-04-26;1147;447;17980.0;6.4;2.5
52;49;2021-04-26;2046;766;19980.0;10.2;3.8
52;59;2021-04-26;5617;1522;24288.0;23.1;6.3
52;64;2021-04-26;5001;769;12592.0;39.7;6.1
52;69;2021-04-26;5888;919;12380.0;47.6;7.4
52;74;2021-04-26;7297;1538;11009.0;66.3;14.0
52;79;2021-04-26;5129;2946;6500.0;78.9;45.3
52;80;2021-04-26;9107;5777;13571.0;67.1;42.6
53;24;2021-04-26;705;223;21795.0;3.2;1.0
53;29;2021-04-26;706;243;13770.0;5.1;1.8
53;39;2021-04-26;2182;815;33591.0;6.5;2.4
53;49;2021-04-26;3319;1421;38239.0;8.7;3.7
53;59;2021-04-26;7963;2664;40380.0;19.7;6.6
53;64;2021-04-26;6144;1167;19825.0;31.0;5.9
53;69;2021-04-26;7753;1575;18906.0;41.0;8.3
53;74;2021-04-26;12577;3374;16974.0;74.1;19.9
53;79;2021-04-26;8034;5930;10260.0;78.3;57.8
53;80;2021-04-26;17194;13538;24074.0;71.4;56.2
54;24;2021-04-26;2695;652;73381.0;3.7;0.9
54;29;2021-04-26;2721;830;42716.0;6.4;1.9
54;39;2021-04-26;6663;2495;91468.0;7.3;2.7
54;49;2021-04-26;9404;3459;89778.0;10.5;3.9
54;59;2021-04-26;25461;7650;92748.0;27.5;8.2
54;64;2021-04-26;20621;3908;45058.0;45.8;8.7
54;69;2021-04-26;22548;5128;42708.0;52.8;12.0
54;74;2021-04-26;24760;8339;37042.0;66.8;22.5
54;79;2021-04-26;16725;13021;21736.0;76.9;59.9
54;80;2021-04-26;30126;23545;45006.0;66.9;52.3
55;24;2021-04-26;357;79;12250.0;2.9;0.6
55;29;2021-04-26;408;105;8717.0;4.7;1.2
55;39;2021-04-26;1397;383;20573.0;6.8;1.9
55;49;2021-04-26;2156;601;22189.0;9.7;2.7
55;59;2021-04-26;6246;1396;25507.0;24.5;5.5
55;64;2021-04-26;5675;710;13096.0;43.3;5.4
55;69;2021-04-26;6852;968;12914.0;53.1;7.5
55;74;2021-04-26;8028;1696;10888.0;73.7;15.6
55;79;2021-04-26;4592;2998;6009.0;76.4;49.9
55;80;2021-04-26;8559;5773;13022.0;65.7;44.3
56;24;2021-04-26;1622;329;49375.0;3.3;0.7
56;29;2021-04-26;1984;462;31552.0;6.3;1.5
56;39;2021-04-26;6238;1659;80891.0;7.7;2.1
56;49;2021-04-26;9611;2889;94257.0;10.2;3.1
56;59;2021-04-26;23421;6093;103556.0;22.6;5.9
56;64;2021-04-26;21300;2599;55073.0;38.7;4.7
56;69;2021-04-26;26143;2892;54410.0;48.0;5.3
56;74;2021-04-26;38869;5543;49802.0;78.0;11.1
56;79;2021-04-26;25272;15740;28672.0;88.1;54.9
56;80;2021-04-26;44344;28934;57856.0;76.6;50.0
57;24;2021-04-26;3033;1796;76564.0;4.0;2.3
57;29;2021-04-26;3174;1947;57735.0;5.5;3.4
57;39;2021-04-26;9579;5914;132378.0;7.2;4.5
57;49;2021-04-26;13762;7807;131505.0;10.5;5.9
57;59;2021-04-26;39097;15430;147461.0;26.5;10.5
57;64;2021-04-26;30594;9620;71227.0;43.0;13.5
57;69;2021-04-26;33289;12318;64651.0;51.5;19.1
57;74;2021-04-26;36948;16826;50986.0;72.5;33.0
57;79;2021-04-26;25680;21285;34126.0;75.3;62.4
57;80;2021-04-26;44255;36582;62704.0;70.6;58.3
58;24;2021-04-26;363;95;11645.0;3.1;0.8
58;29;2021-04-26;458;137;7782.0;5.9;1.8
58;39;2021-04-26;1385;415;18995.0;7.3;2.2
58;49;2021-04-26;2385;777;22646.0;10.5;3.4
58;59;2021-04-26;6241;2026;27780.0;22.5;7.3
58;64;2021-04-26;5464;1103;15906.0;34.4;6.9
58;69;2021-04-26;7072;1608;16731.0;42.3;9.6
58;74;2021-04-26;10710;2703;15108.0;70.9;17.9
58;79;2021-04-26;7953;5944;9264.0;85.8;64.2
58;80;2021-04-26;14291;10782;19486.0;73.3;55.3
59;24;2021-04-26;9676;2625;248677.0;3.9;1.1
59;29;2021-04-26;10023;3073;155795.0;6.4;2.0
59;39;2021-04-26;26599;9402;335101.0;7.9;2.8
59;49;2021-04-26;34986;13394;326530.0;10.7;4.1
59;59;2021-04-26;93304;26738;320261.0;29.1;8.3
59;64;2021-04-26;69463;14500;148581.0;46.8;9.8
59;69;2021-04-26;74025;18744;137139.0;54.0;13.7
59;74;2021-04-26;85434;32611;119660.0;71.4;27.3
59;79;2021-04-26;50439;38680;64728.0;77.9;59.8
59;80;2021-04-26;85339;65128;131566.0;64.9;49.5
60;24;2021-04-26;1811;576;62002.0;2.9;0.9
60;29;2021-04-26;2086;785;44676.0;4.7;1.8
60;39;2021-04-26;6750;2686;106081.0;6.4;2.5
60;49;2021-04-26;11065;4391;111306.0;9.9;3.9
60;59;2021-04-26;27148;8588;110477.0;24.6;7.8
60;64;2021-04-26;19241;5080;49312.0;39.0;10.3
60;69;2021-04-26;21532;6847;46165.0;46.6;14.8
60;74;2021-04-26;26635;11391;38888.0;68.5;29.3
60;79;2021-04-26;17180;13157;21958.0;78.2;59.9
60;80;2021-04-26;27013;20771;39169.0;69.0;53.0
61;24;2021-04-26;680;161;18051.0;3.8;0.9
61;29;2021-04-26;643;201;11845.0;5.4;1.7
61;39;2021-04-26;2363;841;27860.0;8.5;3.0
61;49;2021-04-26;3491;1275;32672.0;10.7;3.9
61;59;2021-04-26;8894;2831;38069.0;23.4;7.4
61;64;2021-04-26;8351;1323;20092.0;41.6;6.6
61;69;2021-04-26;10242;1778;20194.0;50.7;8.8
61;74;2021-04-26;14328;3909;18393.0;77.9;21.3
61;79;2021-04-26;10042;7162;11048.0;90.9;64.8
61;80;2021-04-26;18956;13839;24824.0;76.4;55.7
62;24;2021-04-26;4048;1256;115190.0;3.5;1.1
62;29;2021-04-26;4656;1689;76661.0;6.1;2.2
62;39;2021-04-26;14719;5741;181223.0;8.1;3.2
62;49;2021-04-26;21617;8615;185396.0;11.7;4.6
62;59;2021-04-26;57980;17700;188804.0;30.7;9.4
62;64;2021-04-26;44849;10783;92654.0;48.4;11.6
62;69;2021-04-26;49914;15628;88487.0;56.4;17.7
62;74;2021-04-26;55928;24081;74647.0;74.9;32.3
62;79;2021-04-26;31854;23502;39304.0;81.0;59.8
62;80;2021-04-26;53740;39443;79983.0;67.2;49.3
63;24;2021-04-26;2323;463;57859.0;4.0;0.8
63;29;2021-04-26;2230;643;34784.0;6.4;1.8
63;39;2021-04-26;5535;1793;77930.0;7.1;2.3
63;49;2021-04-26;7708;2711;83111.0;9.3;3.3
63;59;2021-04-26;20898;6018;86381.0;24.2;7.0
63;64;2021-04-26;16750;2890;42614.0;39.3;6.8
63;69;2021-04-26;19305;3744;41854.0;46.1;8.9
63;74;2021-04-26;25857;7043;37974.0;68.1;18.5
63;79;2021-04-26;17705;12641;23482.0;75.4;53.8
63;80;2021-04-26;28668;20723;44122.0;65.0;47.0
64;24;2021-04-26;1441;409;47008.0;3.1;0.9
64;29;2021-04-26;2073;607;31664.0;6.5;1.9
64;39;2021-04-26;6503;2042;78556.0;8.3;2.6
64;49;2021-04-26;9886;3289;87908.0;11.2;3.7
64;59;2021-04-26;25034;7410;94942.0;26.4;7.8
64;64;2021-04-26;21570;3652;45492.0;47.4;8.0
64;69;2021-04-26;25395;4563;44637.0;56.9;10.2
64;74;2021-04-26;32422;8635;40739.0;79.6;21.2
64;79;2021-04-26;24296;17667;27526.0;88.3;64.2
64;80;2021-04-26;41267;30182;55070.0;74.9;54.8
65;24;2021-04-26;477;133;15160.0;3.1;0.9
65;29;2021-04-26;593;122;9487.0;6.3;1.3
65;39;2021-04-26;2005;505;22948.0;8.7;2.2
65;49;2021-04-26;3553;1008;26998.0;13.2;3.7
65;59;2021-04-26;9125;2681;32331.0;28.2;8.3
65;64;2021-04-26;7387;1452;17205.0;42.9;8.4
65;69;2021-04-26;9013;2100;17101.0;52.7;12.3
65;74;2021-04-26;11584;3527;15217.0;76.1;23.2
65;79;2021-04-26;8491;5698;10138.0;83.8;56.2
65;80;2021-04-26;14814;9995;20637.0;71.8;48.4
66;24;2021-04-26;671;174;31663.0;2.1;0.5
66;29;2021-04-26;997;281;21408.0;4.7;1.3
66;39;2021-04-26;3232;1040;51091.0;6.3;2.0
66;49;2021-04-26;5731;1956;57577.0;10.0;3.4
66;59;2021-04-26;15437;4167;63924.0;24.1;6.5
66;64;2021-04-26;13929;2092;32657.0;42.7;6.4
66;69;2021-04-26;17514;2696;33729.0;51.9;8.0
66;74;2021-04-26;23325;5354;33285.0;70.1;16.1
66;79;2021-04-26;17341;11509;22201.0;78.1;51.8
66;80;2021-04-26;25605;17344;39492.0;64.8;43.9
67;24;2021-04-26;4760;997;103470.0;4.6;1.0
67;29;2021-04-26;4402;1189;68258.0;6.4;1.7
67;39;2021-04-26;10501;3443;143902.0;7.3;2.4
67;49;2021-04-26;13338;4565;144948.0;9.2;3.1
67;59;2021-04-26;37639;9358;155713.0;24.2;6.0
67;64;2021-04-26;27720;4763;71470.0;38.8;6.7
67;69;2021-04-26;30065;6032;65531.0;45.9;9.2
67;74;2021-04-26;35042;9360;51149.0;68.5;18.3
67;79;2021-04-26;25989;16655;36563.0;71.1;45.6
67;80;2021-04-26;43282;28377;63738.0;67.9;44.5
68;24;2021-04-26;1400;408;53910.0;2.6;0.8
68;29;2021-04-26;1764;586;40567.0;4.3;1.4
68;39;2021-04-26;5091;1961;94190.0;5.4;2.1
68;49;2021-04-26;7703;3109;100879.0;7.6;3.1
68;59;2021-04-26;22651;7511;108273.0;20.9;6.9
68;64;2021-04-26;18189;4511;50002.0;36.4;9.0
68;69;2021-04-26;20748;6296;46609.0;44.5;13.5
68;74;2021-04-26;25326;10178;37574.0;67.4;27.1
68;79;2021-04-26;18999;15087;26401.0;72.0;57.1
68;80;2021-04-26;31126;24704;45363.0;68.6;54.5
69;24;2021-04-26;7542;2065;193707.0;3.9;1.1
69;29;2021-04-26;7862;2397;128544.0;6.1;1.9
69;39;2021-04-26;17640;5461;255779.0;6.9;2.1
69;49;2021-04-26;21962;7092;235508.0;9.3;3.0
69;59;2021-04-26;55423;15204;220390.0;25.1;6.9
69;64;2021-04-26;38335;7294;92849.0;41.3;7.9
69;69;2021-04-26;40955;8039;86477.0;47.4;9.3
69;74;2021-04-26;55731;16021;80551.0;69.2;19.9
69;79;2021-04-26;45727;33205;56229.0;81.3;59.1
69;80;2021-04-26;72669;52910;102744.0;70.7;51.5
70;24;2021-04-26;300;78;14595.0;2.1;0.5
70;29;2021-04-26;410;116;9950.0;4.1;1.2
70;39;2021-04-26;1222;359;25822.0;4.7;1.4
70;49;2021-04-26;2218;738;29753.0;7.5;2.5
70;59;2021-04-26;6350;1757;33090.0;19.2;5.3
70;64;2021-04-26;5461;1034;16609.0;32.9;6.2
70;69;2021-04-26;6778;1566;16317.0;41.5;9.6
70;74;2021-04-26;9796;3187;14717.0;66.6;21.7
70;79;2021-04-26;6905;5266;8819.0;78.3;59.7
70;80;2021-04-26;11016;8513;16152.0;68.2;52.7
71;24;2021-04-26;970;380;33329.0;2.9;1.1
71;29;2021-04-26;1207;488;23851.0;5.1;2.0
71;39;2021-04-26;4111;1665;58219.0;7.1;2.9
71;49;2021-04-26;6315;2575;65377.0;9.7;3.9
71;59;2021-04-26;16515;5868;76338.0;21.6;7.7
71;64;2021-04-26;13551;3129;38652.0;35.1;8.1
71;69;2021-04-26;17019;4338;39372.0;43.2;11.0
71;74;2021-04-26;24274;8013;36506.0;66.5;21.9
71;79;2021-04-26;18579;13692;23611.0;78.7;58.0
71;80;2021-04-26;32960;24572;46373.0;71.1;53.0
72;24;2021-04-26;1130;295;42293.0;2.7;0.7
72;29;2021-04-26;1314;435;26871.0;4.9;1.6
72;39;2021-04-26;3633;1291;61693.0;5.9;2.1
72;49;2021-04-26;5383;2001;69750.0;7.7;2.9
72;59;2021-04-26;12732;4066;73282.0;17.4;5.5
72;64;2021-04-26;10988;1642;36635.0;30.0;4.5
72;69;2021-04-26;13157;1967;35483.0;37.1;5.5
72;74;2021-04-26;17905;3585;31469.0;56.9;11.4
72;79;2021-04-26;13136;7684;19674.0;66.8;39.1
72;80;2021-04-26;25909;16464;41352.0;62.7;39.8
73;24;2021-04-26;683;138;32141.0;2.1;0.4
73;29;2021-04-26;1016;279;21474.0;4.7;1.3
73;39;2021-04-26;3202;856;52325.0;6.1;1.6
73;49;2021-04-26;4658;1467;57492.0;8.1;2.6
73;59;2021-04-26;13262;3390;59925.0;22.1;5.7
73;64;2021-04-26;11016;1758;27935.0;39.4;6.3
73;69;2021-04-26;12941;2140;25927.0;49.9;8.3
73;74;2021-04-26;16049;3878;22860.0;70.2;17.0
73;79;2021-04-26;13185;9727;15657.0;84.2;62.1
73;80;2021-04-26;20246;15052;28393.0;71.3;53.0
74;24;2021-04-26;1093;284;54544.0;2.0;0.5
74;29;2021-04-26;1927;541;50048.0;3.9;1.1
74;39;2021-04-26;5611;1588;121243.0;4.6;1.3
74;49;2021-04-26;8395;2355;117006.0;7.2;2.0
74;59;2021-04-26;22314;5460;110349.0;20.2;4.9
74;64;2021-04-26;16811;2802;44341.0;37.9;6.3
74;69;2021-04-26;18904;3657;41045.0;46.1;8.9
74;74;2021-04-26;25323;7689;37053.0;68.3;20.8
74;79;2021-04-26;19667;14452;24722.0;79.6;58.5
74;80;2021-04-26;27731;20505;40575.0;68.3;50.5
75;24;2021-04-26;14317;2100;222205.0;6.4;0.9
75;29;2021-04-26;16077;3499;215331.0;7.5;1.6
75;39;2021-04-26;31989;8422;332595.0;9.6;2.5
75;49;2021-04-26;37945;11415;277369.0;13.7;4.1
75;59;2021-04-26;96645;26021;259307.0;37.3;10.0
75;64;2021-04-26;60501;14149;110883.0;54.6;12.8
75;69;2021-04-26;54759;15160;102872.0;53.2;14.7
75;74;2021-04-26;66671;27437;98223.0;67.9;27.9
75;79;2021-04-26;48827;38854;64896.0;75.2;59.9
75;80;2021-04-26;74733;58801;109244.0;68.4;53.8
750;64;2021-04-26;1;0;;;
76;24;2021-04-26;4868;1667;106184.0;4.6;1.6
76;29;2021-04-26;5061;2053;69080.0;7.3;3.0
76;39;2021-04-26;12891;5478;152559.0;8.4;3.6
76;49;2021-04-26;16232;6977;151379.0;10.7;4.6
76;59;2021-04-26;42340;11874;159079.0;26.6;7.5
76;64;2021-04-26;32621;5500;77692.0;42.0;7.1
76;69;2021-04-26;36310;6505;75020.0;48.4;8.7
76;74;2021-04-26;49063;13788;65404.0;75.0;21.1
76;79;2021-04-26;33224;24880;39775.0;83.5;62.6
76;80;2021-04-26;55977;42477;76864.0;72.8;55.3
77;24;2021-04-26;1688;517;119700.0;1.4;0.4
77;29;2021-04-26;2173;761;83196.0;2.6;0.9
77;39;2021-04-26;6927;2471;192425.0;3.6;1.3
77;49;2021-04-26;10280;3892;196727.0;5.2;2.0
77;59;2021-04-26;30048;8213;185341.0;16.2;4.4
77;64;2021-04-26;23947;4478;76699.0;31.2;5.8
77;69;2021-04-26;26225;5979;66623.0;39.4;9.0
77;74;2021-04-26;34263;12611;56446.0;60.7;22.3
77;79;2021-04-26;25548;20366;34428.0;74.2;59.2
77;80;2021-04-26;39527;31888;57566.0;68.7;55.4
78;24;2021-04-26;2430;486;114179.0;2.1;0.4
78;29;2021-04-26;2849;749;79205.0;3.6;0.9
78;39;2021-04-26;8409;2288;184091.0;4.6;1.2
78;49;2021-04-26;12483;3839;202141.0;6.2;1.9
78;59;2021-04-26;42708;10016;192045.0;22.2;5.2
78;64;2021-04-26;36271;5702;78301.0;46.3;7.3
78;69;2021-04-26;34470;6948;68519.0;50.3;10.1
78;74;2021-04-26;41128;15518;62672.0;65.6;24.8
78;79;2021-04-26;27457;21237;42980.0;63.9;49.4
78;80;2021-04-26;47480;37480;74459.0;63.8;50.3
79;24;2021-04-26;789;185;23587.0;3.3;0.8
79;29;2021-04-26;848;202;16506.0;5.1;1.2
79;39;2021-04-26;2843;824;41182.0;6.9;2.0
79;49;2021-04-26;4262;1308;47239.0;9.0;2.8
79;59;2021-04-26;11417;2991;51600.0;22.1;5.8
79;64;2021-04-26;9459;1236;25727.0;36.8;4.8
79;69;2021-04-26;11368;1369;24538.0;46.3;5.6
79;74;2021-04-26;16663;3007;21802.0;76.4;13.8
79;79;2021-04-26;11232;6936;13843.0;81.1;50.1
79;80;2021-04-26;21402;14025;29168.0;73.4;48.1
80;24;2021-04-26;2396;495;53274.0;4.5;0.9
80;29;2021-04-26;2206;605;30964.0;7.1;2.0
80;39;2021-04-26;5489;1790;67453.0;8.1;2.7
80;49;2021-04-26;7020;2555;71182.0;9.9;3.6
80;59;2021-04-26;18442;5058;73570.0;25.1;6.9
80;64;2021-04-26;14863;2465;35831.0;41.5;6.9
80;69;2021-04-26;16576;3355;34903.0;47.5;9.6
80;74;2021-04-26;21206;6314;30000.0;70.7;21.0
80;79;2021-04-26;14126;10433;17445.0;81.0;59.8
80;80;2021-04-26;22762;17308;33674.0;67.6;51.4
81;24;2021-04-26;715;126;25382.0;2.8;0.5
81;29;2021-04-26;865;259;16270.0;5.3;1.6
81;39;2021-04-26;2938;776;41434.0;7.1;1.9
81;49;2021-04-26;5358;1380;48581.0;11.0;2.8
81;59;2021-04-26;14012;3244;53768.0;26.1;6.0
81;64;2021-04-26;11877;1537;26784.0;44.3;5.7
81;69;2021-04-26;14288;2096;26379.0;54.2;7.9
81;74;2021-04-26;17758;4256;24116.0;73.6;17.6
81;79;2021-04-26;12622;7660;15421.0;81.8;49.7
81;80;2021-04-26;23611;15147;33465.0;70.6;45.3
82;24;2021-04-26;357;73;16792.0;2.1;0.4
82;29;2021-04-26;525;130;11727.0;4.5;1.1
82;39;2021-04-26;1728;475;30052.0;5.8;1.6
82;49;2021-04-26;3096;872;35032.0;8.8;2.5
82;59;2021-04-26;8120;1973;35322.0;23.0;5.6
82;64;2021-04-26;6653;876;16858.0;39.5;5.2
82;69;2021-04-26;8182;1118;16693.0;49.0;6.7
82;74;2021-04-26;10676;2432;14495.0;73.7;16.8
82;79;2021-04-26;8125;5275;9336.0;87.0;56.5
82;80;2021-04-26;13405;8986;18300.0;73.3;49.1
83;24;2021-04-26;1375;502;69501.0;2.0;0.7
83;29;2021-04-26;2025;888;48220.0;4.2;1.8
83;39;2021-04-26;6589;3012;120276.0;5.5;2.5
83;49;2021-04-26;11877;5054;131324.0;9.0;3.8
83;59;2021-04-26;33444;9906;145518.0;23.0;6.8
83;64;2021-04-26;27745;5993;72726.0;38.2;8.2
83;69;2021-04-26;34689;7925;73312.0;47.3;10.8
83;74;2021-04-26;47511;15355;72201.0;65.8;21.3
83;79;2021-04-26;39031;26203;53309.0;73.2;49.2
83;80;2021-04-26;56199;37784;85869.0;65.4;44.0
84;24;2021-04-26;694;164;39477.0;1.8;0.4
84;29;2021-04-26;1027;294;27578.0;3.7;1.1
84;39;2021-04-26;3496;1066;63922.0;5.5;1.7
84;49;2021-04-26;6269;1986;70030.0;9.0;2.8
84;59;2021-04-26;17098;4453;77217.0;22.1;5.8
84;64;2021-04-26;13736;2383;36344.0;37.8;6.6
84;69;2021-04-26;16061;2653;35290.0;45.5;7.5
84;74;2021-04-26;20412;4797;31933.0;63.9;15.0
84;79;2021-04-26;17402;11439;21947.0;79.3;52.1
84;80;2021-04-26;24756;16783;37418.0;66.2;44.9
85;24;2021-04-26;1446;501;41969.0;3.4;1.2
85;29;2021-04-26;1793;621;29084.0;6.2;2.1
85;39;2021-04-26;5188;2038;75720.0;6.9;2.7
85;49;2021-04-26;7407;3108;86574.0;8.6;3.6
85;59;2021-04-26;17360;5621;89803.0;19.3;6.3
85;64;2021-04-26;15650;2075;47935.0;32.6;4.3
85;69;2021-04-26;20304;2381;49126.0;41.3;4.8
85;74;2021-04-26;32415;5271;45117.0;71.8;11.7
85;79;2021-04-26;22264;14665;26284.0;84.7;55.8
85;80;2021-04-26;39276;28370;50506.0;77.8;56.2
86;24;2021-04-26;2000;297;42794.0;4.7;0.7
86;29;2021-04-26;1659;468;21569.0;7.7;2.2
86;39;2021-04-26;3858;1241;48717.0;7.9;2.5
86;49;2021-04-26;5259;1835;52927.0;9.9;3.5
86;59;2021-04-26;14061;3927;55357.0;25.4;7.1
86;64;2021-04-26;11777;1851;28304.0;41.6;6.5
86;69;2021-04-26;13470;2168;27405.0;49.2;7.9
86;74;2021-04-26;16260;3932;23771.0;68.4;16.5
86;79;2021-04-26;12481;9071;15115.0;82.6;60.0
86;80;2021-04-26;23111;17449;32981.0;70.1;52.9
87;24;2021-04-26;1349;281;30878.0;4.4;0.9
87;29;2021-04-26;1418;383;17124.0;8.3;2.2
87;39;2021-04-26;3578;1109;39312.0;9.1;2.8
87;49;2021-04-26;5493;1825;44763.0;12.3;4.1
87;59;2021-04-26;12689;3675;49746.0;25.5;7.4
87;64;2021-04-26;10084;1675;25026.0;40.3;6.7
87;69;2021-04-26;11966;2138;25500.0;46.9;8.4
87;74;2021-04-26;15641;3674;23660.0;66.1;15.5
87;79;2021-04-26;11526;7741;14787.0;77.9;52.4
87;80;2021-04-26;20696;14422;30671.0;67.5;47.0
88;24;2021-04-26;689;233;23721.0;2.9;1.0
88;29;2021-04-26;762;341;15975.0;4.8;2.1
88;39;2021-04-26;2605;1140;38540.0;6.8;3.0
88;49;2021-04-26;4651;2046;43251.0;10.8;4.7
88;59;2021-04-26;12595;3998;51489.0;24.5;7.8
88;64;2021-04-26;10724;2199;26457.0;40.5;8.3
88;69;2021-04-26;13209;3068;25999.0;50.8;11.8
88;74;2021-04-26;16117;5207;23464.0;68.7;22.2
88;79;2021-04-26;10344;7791;13069.0;79.1;59.6
88;80;2021-04-26;19343;14916;28475.0;67.9;52.4
89;24;2021-04-26;552;173;20050.0;2.8;0.9
89;29;2021-04-26;683;237;14639.0;4.7;1.6
89;39;2021-04-26;2305;917;36906.0;6.2;2.5
89;49;2021-04-26;3728;1507;40908.0;9.1;3.7
89;59;2021-04-26;9324;3092;45251.0;20.6;6.8
89;64;2021-04-26;7508;1626;23463.0;32.0;6.9
89;69;2021-04-26;9340;2156;24006.0;38.9;9.0
89;74;2021-04-26;13623;3999;21497.0;63.4;18.6
89;79;2021-04-26;9509;7285;12690.0;74.9;57.4
89;80;2021-04-26;17198;13488;25315.0;67.9;53.3
90;24;2021-04-26;406;78;11142.0;3.6;0.7
90;29;2021-04-26;422;110;8158.0;5.2;1.3
90;39;2021-04-26;1317;406;16796.0;7.8;2.4
90;49;2021-04-26;2181;792;17954.0;12.1;4.4
90;59;2021-04-26;5459;2136;18412.0;29.6;11.6
90;64;2021-04-26;3828;1086;8988.0;42.6;12.1
90;69;2021-04-26;4239;1347;8307.0;51.0;16.2
90;74;2021-04-26;5424;2246;7344.0;73.9;30.6
90;79;2021-04-26;3586;2889;4601.0;77.9;62.8
90;80;2021-04-26;6157;4932;8820.0;69.8;55.9
91;24;2021-04-26;1716;534;117572.0;1.5;0.5
91;29;2021-04-26;2552;912;81175.0;3.1;1.1
91;39;2021-04-26;7548;2887;174980.0;4.3;1.6
91;49;2021-04-26;12011;4799;179847.0;6.7;2.7
91;59;2021-04-26;34734;9711;169548.0;20.5;5.7
91;64;2021-04-26;25864;5165;68442.0;37.8;7.5
91;69;2021-04-26;25403;5965;57526.0;44.2;10.4
91;74;2021-04-26;32684;12231;50951.0;64.1;24.0
91;79;2021-04-26;25588;20530;33960.0;75.3;60.5
91;80;2021-04-26;42362;33937;59916.0;70.7;56.6
92;24;2021-04-26;3772;821;139712.0;2.7;0.6
92;29;2021-04-26;5029;1400;114932.0;4.4;1.2
92;39;2021-04-26;12248;3649;241384.0;5.1;1.5
92;49;2021-04-26;17946;5695;227139.0;7.9;2.5
92;59;2021-04-26;50928;11997;201643.0;25.3;5.9
92;64;2021-04-26;33377;6666;79326.0;42.1;8.4
92;69;2021-04-26;31049;7703;69102.0;44.9;11.1
92;74;2021-04-26;38435;15836;62608.0;61.4;25.3
92;79;2021-04-26;27859;22463;42778.0;65.1;52.5
92;80;2021-04-26;51146;41735;79611.0;64.2;52.4
93;24;2021-04-26;3071;769;149422.0;2.1;0.5
93;29;2021-04-26;4469;1319;116400.0;3.8;1.1
93;39;2021-04-26;12113;3880;256009.0;4.7;1.5
93;49;2021-04-26;17469;5530;231000.0;7.6;2.4
93;59;2021-04-26;45338;12515;197192.0;23.0;6.3
93;64;2021-04-26;33046;7855;78405.0;42.1;10.0
93;69;2021-04-26;30932;9495;65255.0;47.4;14.6
93;74;2021-04-26;30837;14154;51275.0;60.1;27.6
93;79;2021-04-26;24036;18741;31866.0;75.4;58.8
93;80;2021-04-26;36456;28735;51825.0;70.3;55.4
94;24;2021-04-26;4227;854;128757.0;3.3;0.7
94;29;2021-04-26;4906;1570;96273.0;5.1;1.6
94;39;2021-04-26;11571;4129;201248.0;5.7;2.1
94;49;2021-04-26;14956;5557;189650.0;7.9;2.9
94;59;2021-04-26;41960;12865;178549.0;23.5;7.2
94;64;2021-04-26;30771;7714;73435.0;41.9;10.5
94;69;2021-04-26;29931;9027;61325.0;48.8;14.7
94;74;2021-04-26;35739;15169;53054.0;67.4;28.6
94;79;2021-04-26;24459;18486;34793.0;70.3;53.1
94;80;2021-04-26;42377;32913;65511.0;64.7;50.2
95;24;2021-04-26;2902;923;107945.0;2.7;0.9
95;29;2021-04-26;3617;1319;76531.0;4.7;1.7
95;39;2021-04-26;9082;3490;175116.0;5.2;2.0
95;49;2021-04-26;12679;4863;167938.0;7.5;2.9
95;59;2021-04-26;33557;9868;155011.0;21.6;6.4
95;64;2021-04-26;26037;5391;65805.0;39.6;8.2
95;69;2021-04-26;26498;6424;55323.0;47.9;11.6
95;74;2021-04-26;32840;13945;45137.0;72.8;30.9
95;79;2021-04-26;22686;18161;26895.0;84.4;67.5
95;80;2021-04-26;35682;28603;48098.0;74.2;59.5
970;74;2021-04-26;1;0;;;
971;24;2021-04-26;188;67;27093.0;0.7;0.2
971;29;2021-04-26;434;198;16795.0;2.6;1.2
971;39;2021-04-26;1169;453;37149.0;3.1;1.2
971;49;2021-04-26;2011;860;48928.0;4.1;1.8
971;59;2021-04-26;3550;1571;60524.0;5.9;2.6
971;64;2021-04-26;2156;969;27495.0;7.8;3.5
971;69;2021-04-26;2282;1025;23618.0;9.7;4.3
971;74;2021-04-26;2123;995;19823.0;10.7;5.0
971;79;2021-04-26;1584;881;13239.0;12.0;6.7
971;80;2021-04-26;1689;971;20928.0;8.1;4.6
972;24;2021-04-26;627;85;24337.0;2.6;0.3
972;29;2021-04-26;976;259;15561.0;6.3;1.7
972;39;2021-04-26;2984;632;34280.0;8.7;1.8
972;49;2021-04-26;4674;1014;42967.0;10.9;2.4
972;59;2021-04-26;7098;1836;62671.0;11.3;2.9
972;64;2021-04-26;3992;1141;28516.0;14.0;4.0
972;69;2021-04-26;4093;1345;24040.0;17.0;5.6
972;74;2021-04-26;3898;1602;19607.0;19.9;8.2
972;79;2021-04-26;2905;1579;13902.0;20.9;11.4
972;80;2021-04-26;2905;1470;24265.0;12.0;6.1
973;24;2021-04-26;240;74;30954.0;0.8;0.2
973;29;2021-04-26;600;231;19945.0;3.0;1.2
973;39;2021-04-26;3249;696;39602.0;8.2;1.8
973;49;2021-04-26;4293;1001;34757.0;12.4;2.9
973;59;2021-04-26;6070;3246;27026.0;22.5;12.0
973;64;2021-04-26;2402;1357;10200.0;23.5;13.3
973;69;2021-04-26;1720;1000;7246.0;23.7;13.8
973;74;2021-04-26;1184;703;4665.0;25.4;15.1
973;79;2021-04-26;722;460;2703.0;26.7;17.0
973;80;2021-04-26;619;399;3390.0;18.3;11.8
974;24;2021-04-26;752;316;74456.0;1.0;0.4
974;29;2021-04-26;1908;1047;48787.0;3.9;2.1
974;39;2021-04-26;4800;2655;104568.0;4.6;2.5
974;49;2021-04-26;6258;3321;113615.0;5.5;2.9
974;59;2021-04-26;12601;5418;125597.0;10.0;4.3
974;64;2021-04-26;8243;3281;49376.0;16.7;6.6
974;69;2021-04-26;8668;3744;40475.0;21.4;9.3
974;74;2021-04-26;8991;4096;27194.0;33.1;15.1
974;79;2021-04-26;7504;5295;19499.0;38.5;27.2
974;80;2021-04-26;8365;5850;25277.0;33.1;23.1
976;24;2021-04-26;353;110;26827.0;1.3;0.4
976;29;2021-04-26;852;436;18625.0;4.6;2.3
976;39;2021-04-26;2075;933;37697.0;5.5;2.5
976;49;2021-04-26;3070;1398;28132.0;10.9;5.0
976;59;2021-04-26;3377;1964;14768.0;22.9;13.3
976;64;2021-04-26;1360;805;4594.0;29.6;17.5
976;69;2021-04-26;938;571;3152.0;29.8;18.1
976;74;2021-04-26;538;266;1775.0;30.3;15.0
976;79;2021-04-26;333;180;1259.0;26.4;14.3
976;80;2021-04-26;315;157;1186.0;26.6;13.2
977;24;2021-04-26;116;9;757.0;15.3;1.2
977;29;2021-04-26;186;17;960.0;19.4;1.8
977;39;2021-04-26;425;26;1752.0;24.3;1.5
977;49;2021-04-26;609;55;1808.0;33.7;3.0
977;59;2021-04-26;798;110;1548.0;51.6;7.1
977;64;2021-04-26;382;71;433.0;88.2;16.4
977;69;2021-04-26;328;88;309.0;99.0;28.5
977;74;2021-04-26;266;77;251.0;99.0;30.7
977;79;2021-04-26;158;67;170.0;92.9;39.4
977;80;2021-04-26;178;46;216.0;82.4;21.3
978;24;2021-04-26;21;6;2459.1;0.9;0.2
978;29;2021-04-26;48;20;2086.3;2.3;1.0
978;39;2021-04-26;229;118;4598.4;5.0;2.6
978;49;2021-04-26;424;197;5612.0;7.6;3.5
978;59;2021-04-26;642;324;5042.5;12.7;6.4
978;64;2021-04-26;277;164;1727.8;16.0;9.5
978;69;2021-04-26;239;172;1332.2;17.9;12.9
978;74;2021-04-26;212;178;766.5;27.7;23.2
978;79;2021-04-26;126;117;386.4;32.6;30.3
978;80;2021-04-26;91;82;416.7;21.8;19.7
01;0;2021-04-26;115646;44484;656955.0;17.6;6.8
02;0;2021-04-26;104416;45233;526050.0;19.8;8.6
03;0;2021-04-26;88198;40735;331315.0;26.6;12.3
04;0;2021-04-26;40143;17589;165197.0;24.3;10.6
05;0;2021-04-26;35301;15268;141756.0;24.9;10.8
06;0;2021-04-26;303539;136865;1079396.0;28.1;12.7
07;0;2021-04-26;77425;33062;326875.0;23.7;10.1
08;0;2021-04-26;65067;24902;265531.0;24.5;9.4
09;0;2021-04-26;42182;17154;152398.0;27.7;11.3
10;0;2021-04-26;75499;33622;309907.0;24.4;10.8
11;0;2021-04-26;85843;33150;372705.0;23.0;8.9
12;0;2021-04-26;80186;33942;278360.0;28.8;12.2
13;0;2021-04-26;451498;205749;2034469.0;22.2;10.1
14;0;2021-04-26;172568;65526;691453.0;25.0;9.5
15;0;2021-04-26;40596;16279;142811.0;28.4;11.4
16;0;2021-04-26;85188;32744;348180.0;24.5;9.4
17;0;2021-04-26;173895;71101;647080.0;26.9;11.0
18;0;2021-04-26;74586;30899;296404.0;25.2;10.4
19;0;2021-04-26;64350;29285;240336.0;26.8;12.2
21;0;2021-04-26;116478;54317;532886.0;21.9;10.2
22;0;2021-04-26;171781;75829;596186.0;28.8;12.7
23;0;2021-04-26;34556;14951;116270.0;29.7;12.9
24;0;2021-04-26;108461;39369;408393.0;26.6;9.6
25;0;2021-04-26;104201;47393;539449.0;19.3;8.8
26;0;2021-04-26;117047;50677;520560.0;22.5;9.7
27;0;2021-04-26;115818;50509;600687.0;19.3;8.4
28;0;2021-04-26;95523;35368;429425.0;22.2;8.2
29;0;2021-04-26;229250;79362;906554.0;25.3;8.8
2A;0;2021-04-26;49971;24922;162421.0;30.8;15.3
2B;0;2021-04-26;51447;23877;182258.0;28.2;13.1
30;0;2021-04-26;173769;76533;748468.0;23.2;10.2
31;0;2021-04-26;279582;90800;1400935.0;20.0;6.5
32;0;2021-04-26;50592;17909;190040.0;26.6;9.4
33;0;2021-04-26;374281;131245;1633440.0;22.9;8.0
34;0;2021-04-26;263415;108762;1176145.0;22.4;9.2
35;0;2021-04-26;231064;79716;1082073.0;21.4;7.4
36;0;2021-04-26;59216;25311;217139.0;27.3;11.7
37;0;2021-04-26;135142;44763;605380.0;22.3;7.4
38;0;2021-04-26;261773;102039;1264979.0;20.7;8.1
39;0;2021-04-26;57877;29400;257849.0;22.4;11.4
40;0;2021-04-26;108868;41805;411979.0;26.4;10.1
41;0;2021-04-26;80160;32771;327835.0;24.5;10.0
42;0;2021-04-26;178208;70132;764737.0;23.3;9.2
43;0;2021-04-26;53038;28325;226901.0;23.4;12.5
44;0;2021-04-26;283730;96050;1437137.0;19.7;6.7
45;0;2021-04-26;127368;49042;682890.0;18.7;7.2
46;0;2021-04-26;50235;22327;173166.0;29.0;12.9
47;0;2021-04-26;78072;29179;330336.0;23.6;8.8
48;0;2021-04-26;19365;8804;76286.0;25.4;11.5
49;0;2021-04-26;190533;68256;815881.0;23.4;8.4
50;0;2021-04-26;135512;56417;490669.0;27.6;11.5
51;0;2021-04-26;118449;48490;563823.0;21.0;8.6
52;0;2021-04-26;41856;14887;169250.0;24.7;8.8
53;0;2021-04-26;66591;30954;305365.0;21.8;10.1
54;0;2021-04-26;161770;69043;730398.0;22.1;9.5
55;0;2021-04-26;44274;14710;181641.0;24.4;8.1
56;0;2021-04-26;198838;67153;755566.0;26.3;8.9
57;0;2021-04-26;239484;129552;1035866.0;23.1;12.5
58;0;2021-04-26;56331;25591;199596.0;28.2;12.8
59;0;2021-04-26;539457;224950;2588988.0;20.8;8.7
60;0;2021-04-26;160508;74281;825077.0;19.5;9.0
61;0;2021-04-26;78008;33328;276903.0;28.2;12.0
62;0;2021-04-26;339377;148461;1452778.0;23.4;10.2
63;0;2021-04-26;147005;58676;660240.0;22.3;8.9
64;0;2021-04-26;189916;78462;683169.0;27.8;11.5
65;0;2021-04-26;67053;27225;226839.0;29.6;12.0
66;0;2021-04-26;123802;46619;479000.0;25.8;9.7
67;0;2021-04-26;232847;84769;1132607.0;20.6;7.5
68;0;2021-04-26;153035;74362;763204.0;20.1;9.7
69;0;2021-04-26;363962;149723;1876051.0;19.4;8.0
70;0;2021-04-26;50464;22617;233194.0;21.6;9.7
71;0;2021-04-26;135522;64725;547824.0;24.7;11.8
72;0;2021-04-26;105308;39433;560227.0;18.8;7.0
73;0;2021-04-26;96274;38688;432548.0;22.3;8.9
74;0;2021-04-26;147812;59347;828405.0;17.8;7.2
75;0;2021-04-26;502728;205936;2148271.0;23.4;9.6
76;0;2021-04-26;288656;121236;1243788.0;23.2;9.7
77;0;2021-04-26;200687;91193;1423607.0;14.1;6.4
78;0;2021-04-26;255743;104279;1448625.0;17.7;7.2
79;0;2021-04-26;90299;32087;372627.0;24.2;8.6
80;0;2021-04-26;125112;50384;569769.0;22.0;8.8
81;0;2021-04-26;104060;36484;387898.0;26.8;9.4
82;0;2021-04-26;60879;22212;262618.0;23.2;8.5
83;0;2021-04-26;260548;112654;1073836.0;24.3;10.5
84;0;2021-04-26;120991;46024;560997.0;21.6;8.2
85;0;2021-04-26;163125;64653;683187.0;23.9;9.5
86;0;2021-04-26;103956;42246;437398.0;23.8;9.7
87;0;2021-04-26;94464;36924;370774.0;25.5;10.0
88;0;2021-04-26;91061;40947;359520.0;25.3;11.4
89;0;2021-04-26;73786;34482;332096.0;22.2;10.4
90;0;2021-04-26;33036;16031;140145.0;23.6;11.4
91;0;2021-04-26;210519;96684;1319401.0;16.0;7.3
92;0;2021-04-26;271859;117985;1613762.0;16.8;7.3
93;0;2021-04-26;237877;103015;1670149.0;14.2;6.2
94;0;2021-04-26;240971;108305;1406041.0;17.1;7.7
95;0;2021-04-26;205643;93006;1248354.0;16.5;7.5
971;0;2021-04-26;17198;7993;376879.0;4.6;2.1
972;0;2021-04-26;34172;10965;358749.0;9.5;3.1
973;0;2021-04-26;21127;9177;290691.0;7.3;3.2
974;0;2021-04-26;68120;35036;859959.0;7.9;4.1
976;0;2021-04-26;13223;6824;279471.0;4.7;2.4
977;0;2021-04-26;3448;566;9961.0;34.6;5.7
978;0;2021-04-26;2312;1380;35334.0;6.5;3.9
