jour;three_class;P;T;pop
;;sum;sum;sum
2020-05-13;0-19;41;2951;16099691.846810132
2020-05-13;20-59;427;22041;33157720.0476845
2020-05-13;60+;413;14056;17857583.105505366
2020-05-13;whole;889;39317;67114995.0
2020-05-14;0-19;60;3405;16099691.846810132
2020-05-14;20-59;476;23731;33157720.0476845
2020-05-14;60+;443;14850;17857583.105505366
2020-05-14;whole;999;42664;67114995.0
2020-05-15;0-19;57;4431;16099691.846810132
2020-05-15;20-59;501;26268;33157720.0476845
2020-05-15;60+;463;16987;17857583.105505366
2020-05-15;whole;1028;47918;67114995.0
2020-05-16;0-19;23;1703;16099691.846810132
2020-05-16;20-59;133;8768;33157720.0476845
2020-05-16;60+;135;6064;17857583.105505366
2020-05-16;whole;291;16540;67114995.0
2020-05-17;0-19;10;705;16099691.846810132
2020-05-17;20-59;58;2822;33157720.0476845
2020-05-17;60+;71;3077;17857583.105505366
2020-05-17;whole;139;6605;67114995.0
2020-05-18;0-19;85;4711;16099691.846810132
2020-05-18;20-59;466;28004;33157720.0476845
2020-05-18;60+;565;18670;17857583.105505366
2020-05-18;whole;1117;51412;67114995.0
2020-05-19;0-19;63;5016;16099691.846810132
2020-05-19;20-59;499;29850;33157720.0476845
2020-05-19;60+;486;18150;17857583.105505366
2020-05-19;whole;1050;53039;67114995.0
2020-05-20;0-19;86;5501;16099691.846810132
2020-05-20;20-59;549;29476;33157720.0476845
2020-05-20;60+;411;18055;17857583.105505366
2020-05-20;whole;1047;53060;67114995.0
2020-05-21;0-19;20;1129;16099691.846810132
2020-05-21;20-59;78;4330;33157720.0476845
2020-05-21;60+;97;4213;17857583.105505366
2020-05-21;whole;195;9672;67114995.0
2020-05-22;0-19;63;5229;16099691.846810132
2020-05-22;20-59;391;26467;33157720.0476845
2020-05-22;60+;337;18531;17857583.105505366
2020-05-22;whole;793;50243;67114995.0
2020-05-23;0-19;35;2205;16099691.846810132
2020-05-23;20-59;120;9400;33157720.0476845
2020-05-23;60+;105;7306;17857583.105505366
2020-05-23;whole;260;18914;67114995.0
2020-05-24;0-19;26;897;16099691.846810132
2020-05-24;20-59;60;2983;33157720.0476845
2020-05-24;60+;51;3174;17857583.105505366
2020-05-24;whole;137;7058;67114995.0
2020-05-25;0-19;62;5373;16099691.846810132
2020-05-25;20-59;345;26524;33157720.0476845
2020-05-25;60+;300;19277;17857583.105505366
2020-05-25;whole;707;51188;67114995.0
2020-05-26;0-19;75;5781;16099691.846810132
2020-05-26;20-59;388;28802;33157720.0476845
2020-05-26;60+;306;19029;17857583.105505366
2020-05-26;whole;771;53646;67114995.0
2020-05-27;0-19;68;5164;16099691.846810132
2020-05-27;20-59;359;24709;33157720.0476845
2020-05-27;60+;297;16077;17857583.105505366
2020-05-27;whole;725;45997;67114995.0
2020-05-28;0-19;67;4991;16099691.846810132
2020-05-28;20-59;342;23762;33157720.0476845
2020-05-28;60+;208;15024;17857583.105505366
2020-05-28;whole;627;43814;67114995.0
2020-05-29;0-19;70;5613;16099691.846810132
2020-05-29;20-59;292;25900;33157720.0476845
2020-05-29;60+;207;17273;17857583.105505366
2020-05-29;whole;589;48842;67114995.0
2020-05-30;0-19;44;2644;16099691.846810132
2020-05-30;20-59;228;10012;33157720.0476845
2020-05-30;60+;95;7450;17857583.105505366
2020-05-30;whole;367;20110;67114995.0
2020-05-31;0-19;31;1141;16099691.846810132
2020-05-31;20-59;118;3423;33157720.0476845
2020-05-31;60+;36;3754;17857583.105505366
2020-05-31;whole;185;8319;67114995.0
2020-06-01;0-19;18;1135;16099691.846810132
2020-06-01;20-59;108;4288;33157720.0476845
2020-06-01;60+;46;4548;17857583.105505366
2020-06-01;whole;176;9975;67114995.0
2020-06-02;0-19;68;5231;16099691.846810132
2020-06-02;20-59;379;25021;33157720.0476845
2020-06-02;60+;295;18507;17857583.105505366
2020-06-02;whole;743;48782;67114995.0
2020-06-03;0-19;54;4983;16099691.846810132
2020-06-03;20-59;348;22879;33157720.0476845
2020-06-03;60+;251;16190;17857583.105505366
2020-06-03;whole;671;44129;67114995.0
2020-06-04;0-19;50;4586;16099691.846810132
2020-06-04;20-59;367;21766;33157720.0476845
2020-06-04;60+;205;14976;17857583.105505366
2020-06-04;whole;627;41362;67114995.0
2020-06-05;0-19;66;5282;16099691.846810132
2020-06-05;20-59;294;23740;33157720.0476845
2020-06-05;60+;193;17391;17857583.105505366
2020-06-05;whole;555;46435;67114995.0
2020-06-06;0-19;32;2415;16099691.846810132
2020-06-06;20-59;167;9327;33157720.0476845
2020-06-06;60+;90;7751;17857583.105505366
2020-06-06;whole;292;19503;67114995.0
2020-06-07;0-19;23;875;16099691.846810132
2020-06-07;20-59;59;2982;33157720.0476845
2020-06-07;60+;48;3655;17857583.105505366
2020-06-07;whole;130;7515;67114995.0
2020-06-08;0-19;62;4772;16099691.846810132
2020-06-08;20-59;325;22786;33157720.0476845
2020-06-08;60+;172;17549;17857583.105505366
2020-06-08;whole;559;45144;67114995.0
2020-06-09;0-19;77;4874;16099691.846810132
2020-06-09;20-59;339;22747;33157720.0476845
2020-06-09;60+;160;16089;17857583.105505366
2020-06-09;whole;576;43727;67114995.0
2020-06-10;0-19;64;4617;16099691.846810132
2020-06-10;20-59;320;21013;33157720.0476845
2020-06-10;60+;179;14872;17857583.105505366
2020-06-10;whole;563;40529;67114995.0
2020-06-11;0-19;98;4265;16099691.846810132
2020-06-11;20-59;381;20580;33157720.0476845
2020-06-11;60+;137;13736;17857583.105505366
2020-06-11;whole;616;38604;67114995.0
2020-06-12;0-19;114;5132;16099691.846810132
2020-06-12;20-59;348;22435;33157720.0476845
2020-06-12;60+;150;16745;17857583.105505366
2020-06-12;whole;613;44325;67114995.0
2020-06-13;0-19;32;2285;16099691.846810132
2020-06-13;20-59;126;9093;33157720.0476845
2020-06-13;60+;57;7742;17857583.105505366
2020-06-13;whole;215;19122;67114995.0
2020-06-14;0-19;17;717;16099691.846810132
2020-06-14;20-59;73;2650;33157720.0476845
2020-06-14;60+;43;3241;17857583.105505366
2020-06-14;whole;133;6609;67114995.0
2020-06-15;0-19;84;4870;16099691.846810132
2020-06-15;20-59;277;21235;33157720.0476845
2020-06-15;60+;138;17349;17857583.105505366
2020-06-15;whole;499;43480;67114995.0
2020-06-16;0-19;73;4857;16099691.846810132
2020-06-16;20-59;344;21258;33157720.0476845
2020-06-16;60+;149;16672;17857583.105505366
2020-06-16;whole;572;42807;67114995.0
2020-06-17;0-19;114;4861;16099691.846810132
2020-06-17;20-59;450;20075;33157720.0476845
2020-06-17;60+;177;14972;17857583.105505366
2020-06-17;whole;743;39927;67114995.0
2020-06-18;0-19;103;4488;16099691.846810132
2020-06-18;20-59;352;19338;33157720.0476845
2020-06-18;60+;114;13795;17857583.105505366
2020-06-18;whole;570;37654;67114995.0
2020-06-19;0-19;117;5468;16099691.846810132
2020-06-19;20-59;437;22689;33157720.0476845
2020-06-19;60+;144;17463;17857583.105505366
2020-06-19;whole;699;45639;67114995.0
2020-06-20;0-19;57;2715;16099691.846810132
2020-06-20;20-59;225;10220;33157720.0476845
2020-06-20;60+;67;8637;17857583.105505366
2020-06-20;whole;349;21575;67114995.0
2020-06-21;0-19;13;679;16099691.846810132
2020-06-21;20-59;74;2532;33157720.0476845
2020-06-21;60+;26;3236;17857583.105505366
2020-06-21;whole;113;6448;67114995.0
2020-06-22;0-19;96;5949;16099691.846810132
2020-06-22;20-59;362;23994;33157720.0476845
2020-06-22;60+;137;18134;17857583.105505366
2020-06-22;whole;595;48101;67114995.0
2020-06-23;0-19;114;6429;16099691.846810132
2020-06-23;20-59;418;24393;33157720.0476845
2020-06-23;60+;122;17308;17857583.105505366
2020-06-23;whole;656;48153;67114995.0
2020-06-24;0-19;103;6639;16099691.846810132
2020-06-24;20-59;445;23151;33157720.0476845
2020-06-24;60+;117;15371;17857583.105505366
2020-06-24;whole;666;45176;67114995.0
2020-06-25;0-19;78;5924;16099691.846810132
2020-06-25;20-59;335;20028;33157720.0476845
2020-06-25;60+;95;13518;17857583.105505366
2020-06-25;whole;508;39486;67114995.0
2020-06-26;0-19;89;8309;16099691.846810132
2020-06-26;20-59;367;24792;33157720.0476845
2020-06-26;60+;121;17696;17857583.105505366
2020-06-26;whole;578;50813;67114995.0
2020-06-27;0-19;60;4047;16099691.846810132
2020-06-27;20-59;206;11152;33157720.0476845
2020-06-27;60+;70;9321;17857583.105505366
2020-06-27;whole;336;24526;67114995.0
2020-06-28;0-19;42;1238;16099691.846810132
2020-06-28;20-59;127;3316;33157720.0476845
2020-06-28;60+;45;3629;17857583.105505366
2020-06-28;whole;214;8186;67114995.0
2020-06-29;0-19;112;11206;16099691.846810132
2020-06-29;20-59;430;29419;33157720.0476845
2020-06-29;60+;131;20705;17857583.105505366
2020-06-29;whole;674;61346;67114995.0
2020-06-30;0-19;106;11143;16099691.846810132
2020-06-30;20-59;454;29179;33157720.0476845
2020-06-30;60+;140;18756;17857583.105505366
2020-06-30;whole;722;59150;67114995.0
2020-07-01;0-19;108;11285;16099691.846810132
2020-07-01;20-59;410;28975;33157720.0476845
2020-07-01;60+;103;16665;17857583.105505366
2020-07-01;whole;630;56958;67114995.0
2020-07-02;0-19;104;10869;16099691.846810132
2020-07-02;20-59;373;27998;33157720.0476845
2020-07-02;60+;109;15635;17857583.105505366
2020-07-02;whole;591;54535;67114995.0
2020-07-03;0-19;136;12582;16099691.846810132
2020-07-03;20-59;417;31779;33157720.0476845
2020-07-03;60+;176;19494;17857583.105505366
2020-07-03;whole;737;63882;67114995.0
2020-07-04;0-19;59;5752;16099691.846810132
2020-07-04;20-59;217;13971;33157720.0476845
2020-07-04;60+;72;9230;17857583.105505366
2020-07-04;whole;349;28962;67114995.0
2020-07-05;0-19;8;1231;16099691.846810132
2020-07-05;20-59;69;3421;33157720.0476845
2020-07-05;60+;26;3838;17857583.105505366
2020-07-05;whole;103;8490;67114995.0
2020-07-06;0-19;136;12328;16099691.846810132
2020-07-06;20-59;399;33850;33157720.0476845
2020-07-06;60+;141;20407;17857583.105505366
2020-07-06;whole;676;66609;67114995.0
2020-07-07;0-19;85;12194;16099691.846810132
2020-07-07;20-59;365;34222;33157720.0476845
2020-07-07;60+;117;19479;17857583.105505366
2020-07-07;whole;571;65930;67114995.0
2020-07-08;0-19;123;11520;16099691.846810132
2020-07-08;20-59;463;35389;33157720.0476845
2020-07-08;60+;114;17808;17857583.105505366
2020-07-08;whole;700;64753;67114995.0
2020-07-09;0-19;125;11910;16099691.846810132
2020-07-09;20-59;451;37582;33157720.0476845
2020-07-09;60+;123;18856;17857583.105505366
2020-07-09;whole;701;68392;67114995.0
2020-07-10;0-19;165;14221;16099691.846810132
2020-07-10;20-59;535;41146;33157720.0476845
2020-07-10;60+;143;21267;17857583.105505366
2020-07-10;whole;847;76685;67114995.0
2020-07-11;0-19;58;6271;16099691.846810132
2020-07-11;20-59;225;17020;33157720.0476845
2020-07-11;60+;68;9159;17857583.105505366
2020-07-11;whole;351;32458;67114995.0
2020-07-12;0-19;20;1347;16099691.846810132
2020-07-12;20-59;63;3691;33157720.0476845
2020-07-12;60+;33;3445;17857583.105505366
2020-07-12;whole;116;8485;67114995.0
2020-07-13;0-19;166;13599;16099691.846810132
2020-07-13;20-59;558;42374;33157720.0476845
2020-07-13;60+;151;24045;17857583.105505366
2020-07-13;whole;875;80086;67114995.0
2020-07-14;0-19;29;1810;16099691.846810132
2020-07-14;20-59;115;5793;33157720.0476845
2020-07-14;60+;38;4733;17857583.105505366
2020-07-14;whole;182;12339;67114995.0
2020-07-15;0-19;143;13275;16099691.846810132
2020-07-15;20-59;541;44969;33157720.0476845
2020-07-15;60+;163;21378;17857583.105505366
2020-07-15;whole;852;79739;67114995.0
2020-07-16;0-19;150;13123;16099691.846810132
2020-07-16;20-59;660;48436;33157720.0476845
2020-07-16;60+;160;22344;17857583.105505366
2020-07-16;whole;974;83982;67114995.0
2020-07-17;0-19;151;14540;16099691.846810132
2020-07-17;20-59;591;53030;33157720.0476845
2020-07-17;60+;211;25990;17857583.105505366
2020-07-17;whole;960;93663;67114995.0
2020-07-18;0-19;83;6591;16099691.846810132
2020-07-18;20-59;279;22209;33157720.0476845
2020-07-18;60+;79;11637;17857583.105505366
2020-07-18;whole;442;40467;67114995.0
2020-07-19;0-19;23;1810;16099691.846810132
2020-07-19;20-59;133;5924;33157720.0476845
2020-07-19;60+;36;4509;17857583.105505366
2020-07-19;whole;192;12248;67114995.0
2020-07-20;0-19;158;13697;16099691.846810132
2020-07-20;20-59;656;51655;33157720.0476845
2020-07-20;60+;212;27021;17857583.105505366
2020-07-20;whole;1028;92478;67114995.0
2020-07-21;0-19;176;13104;16099691.846810132
2020-07-21;20-59;705;50469;33157720.0476845
2020-07-21;60+;210;25221;17857583.105505366
2020-07-21;whole;1094;88879;67114995.0
2020-07-22;0-19;189;13144;16099691.846810132
2020-07-22;20-59;771;51504;33157720.0476845
2020-07-22;60+;197;23878;17857583.105505366
2020-07-22;whole;1157;88593;67114995.0
2020-07-23;0-19;183;12327;16099691.846810132
2020-07-23;20-59;751;51588;33157720.0476845
2020-07-23;60+;202;23842;17857583.105505366
2020-07-23;whole;1141;87833;67114995.0
2020-07-24;0-19;209;13527;16099691.846810132
2020-07-24;20-59;837;54673;33157720.0476845
2020-07-24;60+;223;27261;17857583.105505366
2020-07-24;whole;1272;95543;67114995.0
2020-07-25;0-19;93;6444;16099691.846810132
2020-07-25;20-59;429;24056;33157720.0476845
2020-07-25;60+;101;12554;17857583.105505366
2020-07-25;whole;623;43098;67114995.0
2020-07-26;0-19;39;2092;16099691.846810132
2020-07-26;20-59;175;7904;33157720.0476845
2020-07-26;60+;49;4920;17857583.105505366
2020-07-26;whole;263;14923;67114995.0
2020-07-27;0-19;223;14565;16099691.846810132
2020-07-27;20-59;958;59044;33157720.0476845
2020-07-27;60+;233;28755;17857583.105505366
2020-07-27;whole;1417;102441;67114995.0
2020-07-28;0-19;191;14075;16099691.846810132
2020-07-28;20-59;945;60510;33157720.0476845
2020-07-28;60+;219;28693;17857583.105505366
2020-07-28;whole;1363;103334;67114995.0
2020-07-29;0-19;223;15177;16099691.846810132
2020-07-29;20-59;1010;64218;33157720.0476845
2020-07-29;60+;231;27816;17857583.105505366
2020-07-29;whole;1470;107265;67114995.0
2020-07-30;0-19;255;14585;16099691.846810132
2020-07-30;20-59;1061;64631;33157720.0476845
2020-07-30;60+;225;25774;17857583.105505366
2020-07-30;whole;1543;105047;67114995.0
2020-07-31;0-19;283;15501;16099691.846810132
2020-07-31;20-59;1137;65245;33157720.0476845
2020-07-31;60+;204;28682;17857583.105505366
2020-07-31;whole;1624;109480;67114995.0
2020-08-01;0-19;132;6985;16099691.846810132
2020-08-01;20-59;533;27824;33157720.0476845
2020-08-01;60+;122;12520;17857583.105505366
2020-08-01;whole;788;47349;67114995.0
2020-08-02;0-19;25;2196;16099691.846810132
2020-08-02;20-59;171;9141;33157720.0476845
2020-08-02;60+;48;5105;17857583.105505366
2020-08-02;whole;247;16447;67114995.0
2020-08-03;0-19;338;15921;16099691.846810132
2020-08-03;20-59;1399;66367;33157720.0476845
2020-08-03;60+;267;29973;17857583.105505366
2020-08-03;whole;2009;112347;67114995.0
2020-08-04;0-19;282;14001;16099691.846810132
2020-08-04;20-59;1427;63105;33157720.0476845
2020-08-04;60+;294;28743;17857583.105505366
2020-08-04;whole;2008;105916;67114995.0
2020-08-05;0-19;261;13720;16099691.846810132
2020-08-05;20-59;1427;65186;33157720.0476845
2020-08-05;60+;265;26809;17857583.105505366
2020-08-05;whole;1955;105778;67114995.0
2020-08-06;0-19;313;14379;16099691.846810132
2020-08-06;20-59;1504;68289;33157720.0476845
2020-08-06;60+;323;26264;17857583.105505366
2020-08-06;whole;2149;108992;67114995.0
2020-08-07;0-19;353;14544;16099691.846810132
2020-08-07;20-59;1614;68239;33157720.0476845
2020-08-07;60+;310;28311;17857583.105505366
2020-08-07;whole;2279;111154;67114995.0
2020-08-08;0-19;140;6927;16099691.846810132
2020-08-08;20-59;677;29605;33157720.0476845
2020-08-08;60+;167;12786;17857583.105505366
2020-08-08;whole;984;49335;67114995.0
2020-08-09;0-19;57;2336;16099691.846810132
2020-08-09;20-59;260;9500;33157720.0476845
2020-08-09;60+;93;5013;17857583.105505366
2020-08-09;whole;410;16858;67114995.0
2020-08-10;0-19;404;16010;16099691.846810132
2020-08-10;20-59;2017;69821;33157720.0476845
2020-08-10;60+;349;29754;17857583.105505366
2020-08-10;whole;2772;115666;67114995.0
2020-08-11;0-19;397;13856;16099691.846810132
2020-08-11;20-59;1888;63824;33157720.0476845
2020-08-11;60+;352;27499;17857583.105505366
2020-08-11;whole;2640;105236;67114995.0
2020-08-12;0-19;403;15000;16099691.846810132
2020-08-12;20-59;2109;68617;33157720.0476845
2020-08-12;60+;350;26364;17857583.105505366
2020-08-12;whole;2864;110031;67114995.0
2020-08-13;0-19;525;16515;16099691.846810132
2020-08-13;20-59;2560;75024;33157720.0476845
2020-08-13;60+;399;27819;17857583.105505366
2020-08-13;whole;3487;119418;67114995.0
2020-08-14;0-19;581;17655;16099691.846810132
2020-08-14;20-59;2760;81075;33157720.0476845
2020-08-14;60+;479;32296;17857583.105505366
2020-08-14;whole;3820;131082;67114995.0
2020-08-15;0-19;86;3467;16099691.846810132
2020-08-15;20-59;516;14944;33157720.0476845
2020-08-15;60+;127;7700;17857583.105505366
2020-08-15;whole;731;26131;67114995.0
2020-08-16;0-19;88;2953;16099691.846810132
2020-08-16;20-59;473;12769;33157720.0476845
2020-08-16;60+;109;5918;17857583.105505366
2020-08-16;whole;670;21646;67114995.0
2020-08-17;0-19;683;21185;16099691.846810132
2020-08-17;20-59;3714;95059;33157720.0476845
2020-08-17;60+;553;35923;17857583.105505366
2020-08-17;whole;4952;152234;67114995.0
2020-08-18;0-19;601;18880;16099691.846810132
2020-08-18;20-59;3580;90472;33157720.0476845
2020-08-18;60+;511;34205;17857583.105505366
2020-08-18;whole;4694;143619;67114995.0
2020-08-19;0-19;626;18468;16099691.846810132
2020-08-19;20-59;3636;91946;33157720.0476845
2020-08-19;60+;537;32713;17857583.105505366
2020-08-19;whole;4802;143189;67114995.0
2020-08-20;0-19;764;19727;16099691.846810132
2020-08-20;20-59;3746;98295;33157720.0476845
2020-08-20;60+;553;33730;17857583.105505366
2020-08-20;whole;5064;151831;67114995.0
2020-08-21;0-19;774;20911;16099691.846810132
2020-08-21;20-59;3744;103833;33157720.0476845
2020-08-21;60+;533;37425;17857583.105505366
2020-08-21;whole;5058;162307;67114995.0
2020-08-22;0-19;317;9626;16099691.846810132
2020-08-22;20-59;1610;42506;33157720.0476845
2020-08-22;60+;243;15978;17857583.105505366
2020-08-22;whole;2172;68177;67114995.0
2020-08-23;0-19;114;3141;16099691.846810132
2020-08-23;20-59;705;13685;33157720.0476845
2020-08-23;60+;128;5616;17857583.105505366
2020-08-23;whole;947;22448;67114995.0
2020-08-24;0-19;961;24271;16099691.846810132
2020-08-24;20-59;5177;119083;33157720.0476845
2020-08-24;60+;744;41073;17857583.105505366
2020-08-24;whole;6885;184511;67114995.0
2020-08-25;0-19;1022;22539;16099691.846810132
2020-08-25;20-59;4936;112929;33157720.0476845
2020-08-25;60+;746;39652;17857583.105505366
2020-08-25;whole;6714;175269;67114995.0
2020-08-26;0-19;918;22830;16099691.846810132
2020-08-26;20-59;4902;116455;33157720.0476845
2020-08-26;60+;729;39870;17857583.105505366
2020-08-26;whole;6568;179372;67114995.0
2020-08-27;0-19;1099;24126;16099691.846810132
2020-08-27;20-59;5428;126345;33157720.0476845
2020-08-27;60+;758;41427;17857583.105505366
2020-08-27;whole;7289;191974;67114995.0
2020-08-28;0-19;1208;26275;16099691.846810132
2020-08-28;20-59;5391;127741;33157720.0476845
2020-08-28;60+;883;44064;17857583.105505366
2020-08-28;whole;7490;198185;67114995.0
2020-08-29;0-19;460;11760;16099691.846810132
2020-08-29;20-59;2111;51987;33157720.0476845
2020-08-29;60+;354;19096;17857583.105505366
2020-08-29;whole;2927;82871;67114995.0
2020-08-30;0-19;185;3911;16099691.846810132
2020-08-30;20-59;894;15988;33157720.0476845
2020-08-30;60+;137;6439;17857583.105505366
2020-08-30;whole;1217;26344;67114995.0
2020-08-31;0-19;1528;28470;16099691.846810132
2020-08-31;20-59;6706;138678;33157720.0476845
2020-08-31;60+;1110;48797;17857583.105505366
2020-08-31;whole;9348;216021;67114995.0
2020-09-01;0-19;1433;22946;16099691.846810132
2020-09-01;20-59;6291;126822;33157720.0476845
2020-09-01;60+;1014;43416;17857583.105505366
2020-09-01;whole;8745;193275;67114995.0
2020-09-02;0-19;1461;23778;16099691.846810132
2020-09-02;20-59;6485;126378;33157720.0476845
2020-09-02;60+;1009;41948;17857583.105505366
2020-09-02;whole;8959;192188;67114995.0
2020-09-03;0-19;1493;23217;16099691.846810132
2020-09-03;20-59;6976;133654;33157720.0476845
2020-09-03;60+;1110;42244;17857583.105505366
2020-09-03;whole;9585;199190;67114995.0
2020-09-04;0-19;1801;29613;16099691.846810132
2020-09-04;20-59;6852;136724;33157720.0476845
2020-09-04;60+;1305;48327;17857583.105505366
2020-09-04;whole;9968;214744;67114995.0
2020-09-05;0-19;732;16969;16099691.846810132
2020-09-05;20-59;2655;54287;33157720.0476845
2020-09-05;60+;568;20063;17857583.105505366
2020-09-05;whole;3955;91383;67114995.0
2020-09-06;0-19;238;4813;16099691.846810132
2020-09-06;20-59;917;15769;33157720.0476845
2020-09-06;60+;243;6829;17857583.105505366
2020-09-06;whole;1398;27420;67114995.0
2020-09-07;0-19;2168;42044;16099691.846810132
2020-09-07;20-59;8267;146561;33157720.0476845
2020-09-07;60+;1666;51992;17857583.105505366
2020-09-07;whole;12107;240682;67114995.0
2020-09-08;0-19;2115;49633;16099691.846810132
2020-09-08;20-59;7988;143397;33157720.0476845
2020-09-08;60+;1416;45001;17857583.105505366
2020-09-08;whole;11522;238126;67114995.0
2020-09-09;0-19;2117;51258;16099691.846810132
2020-09-09;20-59;7595;141104;33157720.0476845
2020-09-09;60+;1456;41437;17857583.105505366
2020-09-09;whole;11177;233891;67114995.0
2020-09-10;0-19;2255;54832;16099691.846810132
2020-09-10;20-59;8010;148971;33157720.0476845
2020-09-10;60+;1623;43555;17857583.105505366
2020-09-10;whole;11890;247435;67114995.0
2020-09-11;0-19;2220;60993;16099691.846810132
2020-09-11;20-59;7336;147740;33157720.0476845
2020-09-11;60+;1544;48073;17857583.105505366
2020-09-11;whole;11108;256908;67114995.0
2020-09-12;0-19;814;23514;16099691.846810132
2020-09-12;20-59;2877;56073;33157720.0476845
2020-09-12;60+;706;20419;17857583.105505366
2020-09-12;whole;4399;100035;67114995.0
2020-09-13;0-19;250;5540;16099691.846810132
2020-09-13;20-59;979;15436;33157720.0476845
2020-09-13;60+;301;7301;17857583.105505366
2020-09-13;whole;1531;28284;67114995.0
2020-09-14;0-19;2763;59663;16099691.846810132
2020-09-14;20-59;9583;157327;33157720.0476845
2020-09-14;60+;2182;54102;17857583.105505366
2020-09-14;whole;14539;271212;67114995.0
2020-09-15;0-19;2542;63550;16099691.846810132
2020-09-15;20-59;8993;151309;33157720.0476845
2020-09-15;60+;1830;46778;17857583.105505366
2020-09-15;whole;13374;261731;67114995.0
2020-09-16;0-19;2617;60917;16099691.846810132
2020-09-16;20-59;8759;141076;33157720.0476845
2020-09-16;60+;1887;41213;17857583.105505366
2020-09-16;whole;13275;243290;67114995.0
2020-09-17;0-19;2554;55026;16099691.846810132
2020-09-17;20-59;9031;141772;33157720.0476845
2020-09-17;60+;1899;42732;17857583.105505366
2020-09-17;whole;13498;239625;67114995.0
2020-09-18;0-19;2518;55279;16099691.846810132
2020-09-18;20-59;8693;136551;33157720.0476845
2020-09-18;60+;1847;47859;17857583.105505366
2020-09-18;whole;13068;239784;67114995.0
2020-09-19;0-19;958;19636;16099691.846810132
2020-09-19;20-59;3364;52211;33157720.0476845
2020-09-19;60+;776;20386;17857583.105505366
2020-09-19;whole;5099;92263;67114995.0
2020-09-20;0-19;265;5260;16099691.846810132
2020-09-20;20-59;1184;15969;33157720.0476845
2020-09-20;60+;301;7375;17857583.105505366
2020-09-20;whole;1751;28613;67114995.0
2020-09-21;0-19;2639;45997;16099691.846810132
2020-09-21;20-59;10399;140908;33157720.0476845
2020-09-21;60+;2408;52134;17857583.105505366
2020-09-21;whole;15459;239178;67114995.0
2020-09-22;0-19;2391;44034;16099691.846810132
2020-09-22;20-59;9498;127983;33157720.0476845
2020-09-22;60+;2152;43775;17857583.105505366
2020-09-22;whole;14064;215917;67114995.0
2020-09-23;0-19;2162;40348;16099691.846810132
2020-09-23;20-59;8831;118709;33157720.0476845
2020-09-23;60+;1854;39729;17857583.105505366
2020-09-23;whole;12861;198908;67114995.0
2020-09-24;0-19;2097;36423;16099691.846810132
2020-09-24;20-59;8592;121617;33157720.0476845
2020-09-24;60+;1894;41897;17857583.105505366
2020-09-24;whole;12586;200007;67114995.0
2020-09-25;0-19;2160;37491;16099691.846810132
2020-09-25;20-59;8117;122057;33157720.0476845
2020-09-25;60+;1853;46684;17857583.105505366
2020-09-25;whole;12140;206310;67114995.0
2020-09-26;0-19;865;14804;16099691.846810132
2020-09-26;20-59;3092;48106;33157720.0476845
2020-09-26;60+;744;19774;17857583.105505366
2020-09-26;whole;4703;82722;67114995.0
2020-09-27;0-19;213;3071;16099691.846810132
2020-09-27;20-59;832;12359;33157720.0476845
2020-09-27;60+;302;6934;17857583.105505366
2020-09-27;whole;1348;22367;67114995.0
2020-09-28;0-19;2209;34456;16099691.846810132
2020-09-28;20-59;9202;128762;33157720.0476845
2020-09-28;60+;2189;52238;17857583.105505366
2020-09-28;whole;13613;215601;67114995.0
2020-09-29;0-19;1910;33935;16099691.846810132
2020-09-29;20-59;8738;116109;33157720.0476845
2020-09-29;60+;2009;43277;17857583.105505366
2020-09-29;whole;12661;193389;67114995.0
2020-09-30;0-19;2126;34212;16099691.846810132
2020-09-30;20-59;8908;110999;33157720.0476845
2020-09-30;60+;2126;39526;17857583.105505366
2020-09-30;whole;13168;184889;67114995.0
2020-10-01;0-19;2325;31891;16099691.846810132
2020-10-01;20-59;9943;115783;33157720.0476845
2020-10-01;60+;2177;40220;17857583.105505366
2020-10-01;whole;14457;188019;67114995.0
2020-10-02;0-19;2580;33633;16099691.846810132
2020-10-02;20-59;10739;121275;33157720.0476845
2020-10-02;60+;2696;48099;17857583.105505366
2020-10-02;whole;16022;203115;67114995.0
2020-10-03;0-19;1153;15082;16099691.846810132
2020-10-03;20-59;4714;50266;33157720.0476845
2020-10-03;60+;1247;22081;17857583.105505366
2020-10-03;whole;7120;87472;67114995.0
2020-10-04;0-19;255;3225;16099691.846810132
2020-10-04;20-59;1258;13088;33157720.0476845
2020-10-04;60+;424;7756;17857583.105505366
2020-10-04;whole;1938;24080;67114995.0
2020-10-05;0-19;3099;36480;16099691.846810132
2020-10-05;20-59;14426;139321;33157720.0476845
2020-10-05;60+;3674;56200;17857583.105505366
2020-10-05;whole;21212;232106;67114995.0
2020-10-06;0-19;2868;37183;16099691.846810132
2020-10-06;20-59;13152;125946;33157720.0476845
2020-10-06;60+;3451;47210;17857583.105505366
2020-10-06;whole;19483;210430;67114995.0
2020-10-07;0-19;3173;38548;16099691.846810132
2020-10-07;20-59;13894;125943;33157720.0476845
2020-10-07;60+;3394;42320;17857583.105505366
2020-10-07;whole;20472;206918;67114995.0
2020-10-08;0-19;3370;37722;16099691.846810132
2020-10-08;20-59;15167;138983;33157720.0476845
2020-10-08;60+;3734;46309;17857583.105505366
2020-10-08;whole;22287;223143;67114995.0
2020-10-09;0-19;3763;43026;16099691.846810132
2020-10-09;20-59;15786;151641;33157720.0476845
2020-10-09;60+;4257;55724;17857583.105505366
2020-10-09;whole;23810;250478;67114995.0
2020-10-10;0-19;1787;19933;16099691.846810132
2020-10-10;20-59;7278;64620;33157720.0476845
2020-10-10;60+;2049;25574;17857583.105505366
2020-10-10;whole;11117;110172;67114995.0
2020-10-11;0-19;435;4410;16099691.846810132
2020-10-11;20-59;1954;17000;33157720.0476845
2020-10-11;60+;752;9029;17857583.105505366
2020-10-11;whole;3143;30461;67114995.0
2020-10-12;0-19;4708;47118;16099691.846810132
2020-10-12;20-59;20479;173161;33157720.0476845
2020-10-12;60+;6209;67787;17857583.105505366
2020-10-12;whole;31406;288175;67114995.0
2020-10-13;0-19;4123;48275;16099691.846810132
2020-10-13;20-59;18576;160203;33157720.0476845
2020-10-13;60+;5636;57741;17857583.105505366
2020-10-13;whole;28348;266324;67114995.0
2020-10-14;0-19;4506;54524;16099691.846810132
2020-10-14;20-59;18672;162685;33157720.0476845
2020-10-14;60+;5359;52725;17857583.105505366
2020-10-14;whole;28549;270047;67114995.0
2020-10-15;0-19;4580;51927;16099691.846810132
2020-10-15;20-59;20911;181164;33157720.0476845
2020-10-15;60+;6263;57453;17857583.105505366
2020-10-15;whole;31766;290655;67114995.0
2020-10-16;0-19;4732;54255;16099691.846810132
2020-10-16;20-59;21822;191687;33157720.0476845
2020-10-16;60+;6679;65260;17857583.105505366
2020-10-16;whole;33249;311320;67114995.0
2020-10-17;0-19;2146;25256;16099691.846810132
2020-10-17;20-59;9744;81057;33157720.0476845
2020-10-17;60+;3213;29058;17857583.105505366
2020-10-17;whole;15113;135430;67114995.0
2020-10-18;0-19;578;5801;16099691.846810132
2020-10-18;20-59;2829;22030;33157720.0476845
2020-10-18;60+;1194;10101;17857583.105505366
2020-10-18;whole;4602;37949;67114995.0
2020-10-19;0-19;5739;53077;16099691.846810132
2020-10-19;20-59;29117;209324;33157720.0476845
2020-10-19;60+;9936;79589;17857583.105505366
2020-10-19;whole;44803;342100;67114995.0
2020-10-20;0-19;5029;44178;16099691.846810132
2020-10-20;20-59;29146;196694;33157720.0476845
2020-10-20;60+;9781;68960;17857583.105505366
2020-10-20;whole;43982;309965;67114995.0
2020-10-21;0-19;5149;45943;16099691.846810132
2020-10-21;20-59;30979;204708;33157720.0476845
2020-10-21;60+;10222;67546;17857583.105505366
2020-10-21;whole;46367;318311;67114995.0
2020-10-22;0-19;5937;46880;16099691.846810132
2020-10-22;20-59;33416;222559;33157720.0476845
2020-10-22;60+;11397;74516;17857583.105505366
2020-10-22;whole;50771;344100;67114995.0
2020-10-23;0-19;6736;50382;16099691.846810132
2020-10-23;20-59;35561;240891;33157720.0476845
2020-10-23;60+;12539;83610;17857583.105505366
2020-10-23;whole;54859;375006;67114995.0
2020-10-24;0-19;3107;22804;16099691.846810132
2020-10-24;20-59;16367;101402;33157720.0476845
2020-10-24;60+;5503;36206;17857583.105505366
2020-10-24;whole;24990;160473;67114995.0
2020-10-25;0-19;805;5602;16099691.846810132
2020-10-25;20-59;4461;26287;33157720.0476845
2020-10-25;60+;1903;12320;17857583.105505366
2020-10-25;whole;7171;44221;67114995.0
2020-10-26;0-19;8125;52590;16099691.846810132
2020-10-26;20-59;44041;260480;33157720.0476845
2020-10-26;60+;16128;101161;17857583.105505366
2020-10-26;whole;68329;414384;67114995.0
2020-10-27;0-19;6876;43892;16099691.846810132
2020-10-27;20-59;39798;238882;33157720.0476845
2020-10-27;60+;14340;90029;17857583.105505366
2020-10-27;whole;61074;372967;67114995.0
2020-10-28;0-19;6699;43759;16099691.846810132
2020-10-28;20-59;36148;232971;33157720.0476845
2020-10-28;60+;13662;87844;17857583.105505366
2020-10-28;whole;56529;364703;67114995.0
2020-10-29;0-19;7363;46182;16099691.846810132
2020-10-29;20-59;34949;236057;33157720.0476845
2020-10-29;60+;13482;91296;17857583.105505366
2020-10-29;whole;55818;373698;67114995.0
2020-10-30;0-19;8741;53320;16099691.846810132
2020-10-30;20-59;35625;246275;33157720.0476845
2020-10-30;60+;13796;98403;17857583.105505366
2020-10-30;whole;58192;398168;67114995.0
2020-10-31;0-19;3874;25045;16099691.846810132
2020-10-31;20-59;16086;105452;33157720.0476845
2020-10-31;60+;6150;39905;17857583.105505366
2020-10-31;whole;26118;170465;67114995.0
2020-11-01;0-19;934;6337;16099691.846810132
2020-11-01;20-59;3940;24906;33157720.0476845
2020-11-01;60+;1969;12773;17857583.105505366
2020-11-01;whole;6844;44028;67114995.0
2020-11-02;0-19;10043;58330;16099691.846810132
2020-11-02;20-59;43013;261137;33157720.0476845
2020-11-02;60+;16672;113453;17857583.105505366
2020-11-02;whole;69753;433048;67114995.0
2020-11-03;0-19;8383;51233;16099691.846810132
2020-11-03;20-59;35075;226802;33157720.0476845
2020-11-03;60+;15239;102130;17857583.105505366
2020-11-03;whole;58749;380321;67114995.0
2020-11-04;0-19;7892;54177;16099691.846810132
2020-11-04;20-59;29015;207579;33157720.0476845
2020-11-04;60+;12926;89648;17857583.105505366
2020-11-04;whole;49850;351534;67114995.0
2020-11-05;0-19;7461;54141;16099691.846810132
2020-11-05;20-59;27228;217195;33157720.0476845
2020-11-05;60+;12032;94915;17857583.105505366
2020-11-05;whole;46742;366421;67114995.0
2020-11-06;0-19;7708;56729;16099691.846810132
2020-11-06;20-59;25176;219513;33157720.0476845
2020-11-06;60+;11927;98066;17857583.105505366
2020-11-06;whole;44853;374460;67114995.0
2020-11-07;0-19;3161;25560;16099691.846810132
2020-11-07;20-59;9995;84863;33157720.0476845
2020-11-07;60+;4660;35503;17857583.105505366
2020-11-07;whole;17825;145969;67114995.0
2020-11-08;0-19;561;4818;16099691.846810132
2020-11-08;20-59;2164;17610;33157720.0476845
2020-11-08;60+;1579;11358;17857583.105505366
2020-11-08;whole;4304;33799;67114995.0
2020-11-09;0-19;7508;60331;16099691.846810132
2020-11-09;20-59;26788;218527;33157720.0476845
2020-11-09;60+;13117;109008;17857583.105505366
2020-11-09;whole;47439;388010;67114995.0
2020-11-10;0-19;5680;56055;16099691.846810132
2020-11-10;20-59;20386;193729;33157720.0476845
2020-11-10;60+;11134;98115;17857583.105505366
2020-11-10;whole;37229;348055;67114995.0
2020-11-11;0-19;743;7840;16099691.846810132
2020-11-11;20-59;2855;27434;33157720.0476845
2020-11-11;60+;1759;15107;17857583.105505366
2020-11-11;whole;5358;50397;67114995.0
2020-11-12;0-19;6114;58431;16099691.846810132
2020-11-12;20-59;20001;200353;33157720.0476845
2020-11-12;60+;10271;99679;17857583.105505366
2020-11-12;whole;36409;358644;67114995.0
2020-11-13;0-19;5000;53521;16099691.846810132
2020-11-13;20-59;15455;168991;33157720.0476845
2020-11-13;60+;8354;85104;17857583.105505366
2020-11-13;whole;28830;307719;67114995.0
2020-11-14;0-19;1966;20725;16099691.846810132
2020-11-14;20-59;6089;62940;33157720.0476845
2020-11-14;60+;2904;31351;17857583.105505366
2020-11-14;whole;10962;115044;67114995.0
2020-11-15;0-19;375;3676;16099691.846810132
2020-11-15;20-59;1354;13290;33157720.0476845
2020-11-15;60+;973;9312;17857583.105505366
2020-11-15;whole;2703;26288;67114995.0
2020-11-16;0-19;4938;46618;16099691.846810132
2020-11-16;20-59;16670;168599;33157720.0476845
2020-11-16;60+;8646;94906;17857583.105505366
2020-11-16;whole;30267;310292;67114995.0
2020-11-17;0-19;3568;39942;16099691.846810132
2020-11-17;20-59;11803;140522;33157720.0476845
2020-11-17;60+;6225;76573;17857583.105505366
2020-11-17;whole;21740;257288;67114995.0
2020-11-18;0-19;3050;35454;16099691.846810132
2020-11-18;20-59;9325;118432;33157720.0476845
2020-11-18;60+;4922;60049;17857583.105505366
2020-11-18;whole;17319;214051;67114995.0
2020-11-19;0-19;2858;37691;16099691.846810132
2020-11-19;20-59;9115;131367;33157720.0476845
2020-11-19;60+;4769;65908;17857583.105505366
2020-11-19;whole;16753;235067;67114995.0
2020-11-20;0-19;2930;40162;16099691.846810132
2020-11-20;20-59;8853;134514;33157720.0476845
2020-11-20;60+;4395;70668;17857583.105505366
2020-11-20;whole;16198;245444;67114995.0
2020-11-21;0-19;1283;17182;16099691.846810132
2020-11-21;20-59;4178;58030;33157720.0476845
2020-11-21;60+;1781;29773;17857583.105505366
2020-11-21;whole;7248;105016;67114995.0
2020-11-22;0-19;240;3098;16099691.846810132
2020-11-22;20-59;951;12198;33157720.0476845
2020-11-22;60+;635;9065;17857583.105505366
2020-11-22;whole;1826;24368;67114995.0
2020-11-23;0-19;2861;34332;16099691.846810132
2020-11-23;20-59;9837;138336;33157720.0476845
2020-11-23;60+;5007;83017;17857583.105505366
2020-11-23;whole;17714;255785;67114995.0
2020-11-24;0-19;2033;30058;16099691.846810132
2020-11-24;20-59;7288;115885;33157720.0476845
2020-11-24;60+;4380;67149;17857583.105505366
2020-11-24;whole;13706;213156;67114995.0
2020-11-25;0-19;2038;29477;16099691.846810132
2020-11-25;20-59;6888;108067;33157720.0476845
2020-11-25;60+;3666;56075;17857583.105505366
2020-11-25;whole;12600;193698;67114995.0
2020-11-26;0-19;1979;28805;16099691.846810132
2020-11-26;20-59;6960;115881;33157720.0476845
2020-11-26;60+;3537;62207;17857583.105505366
2020-11-26;whole;12483;206980;67114995.0
2020-11-27;0-19;2154;31110;16099691.846810132
2020-11-27;20-59;6888;121184;33157720.0476845
2020-11-27;60+;3387;66948;17857583.105505366
2020-11-27;whole;12434;219306;67114995.0
2020-11-28;0-19;1030;13707;16099691.846810132
2020-11-28;20-59;3450;55065;33157720.0476845
2020-11-28;60+;1581;30098;17857583.105505366
2020-11-28;whole;6063;98896;67114995.0
2020-11-29;0-19;164;2622;16099691.846810132
2020-11-29;20-59;827;11655;33157720.0476845
2020-11-29;60+;610;9361;17857583.105505366
2020-11-29;whole;1602;23642;67114995.0
2020-11-30;0-19;2303;28472;16099691.846810132
2020-11-30;20-59;8808;128733;33157720.0476845
2020-11-30;60+;4720;80373;17857583.105505366
2020-11-30;whole;15834;237640;67114995.0
2020-12-01;0-19;1753;24536;16099691.846810132
2020-12-01;20-59;6741;109600;33157720.0476845
2020-12-01;60+;3851;64100;17857583.105505366
2020-12-01;whole;12352;198315;67114995.0
2020-12-02;0-19;1761;23967;16099691.846810132
2020-12-02;20-59;6256;100821;33157720.0476845
2020-12-02;60+;3471;54724;17857583.105505366
2020-12-02;whole;11493;179592;67114995.0
2020-12-03;0-19;1762;24216;16099691.846810132
2020-12-03;20-59;6758;115037;33157720.0476845
2020-12-03;60+;3430;59503;17857583.105505366
2020-12-03;whole;11953;198862;67114995.0
2020-12-04;0-19;1984;27839;16099691.846810132
2020-12-04;20-59;6994;121535;33157720.0476845
2020-12-04;60+;3548;67825;17857583.105505366
2020-12-04;whole;12530;217272;67114995.0
2020-12-05;0-19;1086;13711;16099691.846810132
2020-12-05;20-59;3776;58957;33157720.0476845
2020-12-05;60+;1693;32047;17857583.105505366
2020-12-05;whole;6557;104755;67114995.0
2020-12-06;0-19;181;2733;16099691.846810132
2020-12-06;20-59;863;13129;33157720.0476845
2020-12-06;60+;710;10273;17857583.105505366
2020-12-06;whole;1755;26145;67114995.0
2020-12-07;0-19;2327;28762;16099691.846810132
2020-12-07;20-59;9538;142473;33157720.0476845
2020-12-07;60+;4777;84050;17857583.105505366
2020-12-07;whole;16647;255374;67114995.0
2020-12-08;0-19;1883;27303;16099691.846810132
2020-12-08;20-59;7346;126162;33157720.0476845
2020-12-08;60+;3950;70416;17857583.105505366
2020-12-08;whole;13186;223937;67114995.0
2020-12-09;0-19;1975;27106;16099691.846810132
2020-12-09;20-59;7060;118995;33157720.0476845
2020-12-09;60+;3660;59147;17857583.105505366
2020-12-09;whole;12701;205342;67114995.0
2020-12-10;0-19;1964;27828;16099691.846810132
2020-12-10;20-59;7635;132011;33157720.0476845
2020-12-10;60+;3921;65070;17857583.105505366
2020-12-10;whole;13523;224983;67114995.0
2020-12-11;0-19;2282;33610;16099691.846810132
2020-12-11;20-59;7972;144055;33157720.0476845
2020-12-11;60+;3787;73016;17857583.105505366
2020-12-11;whole;14045;250788;67114995.0
2020-12-12;0-19;1171;17750;16099691.846810132
2020-12-12;20-59;4702;77343;33157720.0476845
2020-12-12;60+;1938;37014;17857583.105505366
2020-12-12;whole;7812;132145;67114995.0
2020-12-13;0-19;210;3601;16099691.846810132
2020-12-13;20-59;1064;19063;33157720.0476845
2020-12-13;60+;745;11156;17857583.105505366
2020-12-13;whole;2019;33823;67114995.0
2020-12-14;0-19;2746;43596;16099691.846810132
2020-12-14;20-59;11296;182963;33157720.0476845
2020-12-14;60+;5529;100289;17857583.105505366
2020-12-14;whole;19576;326943;67114995.0
2020-12-15;0-19;2285;46567;16099691.846810132
2020-12-15;20-59;8952;176942;33157720.0476845
2020-12-15;60+;4637;87475;17857583.105505366
2020-12-15;whole;15884;311103;67114995.0
2020-12-16;0-19;2394;53863;16099691.846810132
2020-12-16;20-59;8692;199259;33157720.0476845
2020-12-16;60+;4240;81076;17857583.105505366
2020-12-16;whole;15332;334298;67114995.0
2020-12-17;0-19;2256;59316;16099691.846810132
2020-12-17;20-59;9195;242091;33157720.0476845
2020-12-17;60+;4411;94734;17857583.105505366
2020-12-17;whole;15868;396251;67114995.0
2020-12-18;0-19;2528;70727;16099691.846810132
2020-12-18;20-59;10099;302596;33157720.0476845
2020-12-18;60+;4835;129243;17857583.105505366
2020-12-18;whole;17471;502691;67114995.0
2020-12-19;0-19;1611;53281;16099691.846810132
2020-12-19;20-59;6355;205083;33157720.0476845
2020-12-19;60+;2666;73845;17857583.105505366
2020-12-19;whole;10637;332276;67114995.0
2020-12-20;0-19;475;16727;16099691.846810132
2020-12-20;20-59;2118;71208;33157720.0476845
2020-12-20;60+;1036;28368;17857583.105505366
2020-12-20;whole;3630;116330;67114995.0
2020-12-21;0-19;2764;92411;16099691.846810132
2020-12-21;20-59;12338;414465;33157720.0476845
2020-12-21;60+;6103;166220;17857583.105505366
2020-12-21;whole;21214;673261;67114995.0
2020-12-22;0-19;2351;100394;16099691.846810132
2020-12-22;20-59;10602;463469;33157720.0476845
2020-12-22;60+;5380;170670;17857583.105505366
2020-12-22;whole;18340;734708;67114995.0
2020-12-23;0-19;2271;99791;16099691.846810132
2020-12-23;20-59;9970;472631;33157720.0476845
2020-12-23;60+;4573;153276;17857583.105505366
2020-12-23;whole;16820;725869;67114995.0
2020-12-24;0-19;1805;65357;16099691.846810132
2020-12-24;20-59;7823;336327;33157720.0476845
2020-12-24;60+;3372;97087;17857583.105505366
2020-12-24;whole;13003;498857;67114995.0
2020-12-25;0-19;116;4217;16099691.846810132
2020-12-25;20-59;681;23383;33157720.0476845
2020-12-25;60+;495;10402;17857583.105505366
2020-12-25;whole;1293;38014;67114995.0
2020-12-26;0-19;1294;27598;16099691.846810132
2020-12-26;20-59;6147;143926;33157720.0476845
2020-12-26;60+;2265;48002;17857583.105505366
2020-12-26;whole;9708;219590;67114995.0
2020-12-27;0-19;206;4968;16099691.846810132
2020-12-27;20-59;1191;29225;33157720.0476845
2020-12-27;60+;728;13057;17857583.105505366
2020-12-27;whole;2128;47260;67114995.0
2020-12-28;0-19;2773;44178;16099691.846810132
2020-12-28;20-59;13787;248559;33157720.0476845
2020-12-28;60+;6014;104838;17857583.105505366
2020-12-28;whole;22576;397652;67114995.0
2020-12-29;0-19;2532;41266;16099691.846810132
2020-12-29;20-59;11496;227070;33157720.0476845
2020-12-29;60+;6000;97675;17857583.105505366
2020-12-29;whole;20034;366087;67114995.0
2020-12-30;0-19;2826;48888;16099691.846810132
2020-12-30;20-59;11645;252606;33157720.0476845
2020-12-30;60+;5299;98170;17857583.105505366
2020-12-30;whole;19778;399741;67114995.0
2020-12-31;0-19;2285;42130;16099691.846810132
2020-12-31;20-59;9667;215023;33157720.0476845
2020-12-31;60+;4180;80608;17857583.105505366
2020-12-31;whole;16137;337839;67114995.0
2021-01-01;0-19;142;3342;16099691.846810132
2021-01-01;20-59;825;19420;33157720.0476845
2021-01-01;60+;626;10182;17857583.105505366
2021-01-01;whole;1594;32957;67114995.0
2021-01-02;0-19;2196;27623;16099691.846810132
2021-01-02;20-59;8584;141941;33157720.0476845
2021-01-02;60+;3023;60233;17857583.105505366
2021-01-02;whole;13803;229840;67114995.0
2021-01-03;0-19;370;5594;16099691.846810132
2021-01-03;20-59;1646;27422;33157720.0476845
2021-01-03;60+;900;13534;17857583.105505366
2021-01-03;whole;2917;46567;67114995.0
2021-01-04;0-19;4080;42529;16099691.846810132
2021-01-04;20-59;17659;263592;33157720.0476845
2021-01-04;60+;7069;122682;17857583.105505366
2021-01-04;whole;28814;428897;67114995.0
2021-01-05;0-19;3400;35235;16099691.846810132
2021-01-05;20-59;13469;209636;33157720.0476845
2021-01-05;60+;6142;100255;17857583.105505366
2021-01-05;whole;23018;345209;67114995.0
2021-01-06;0-19;3286;36874;16099691.846810132
2021-01-06;20-59;11803;192171;33157720.0476845
2021-01-06;60+;5276;85142;17857583.105505366
2021-01-06;whole;20373;314260;67114995.0
2021-01-07;0-19;3017;37253;16099691.846810132
2021-01-07;20-59;11612;205920;33157720.0476845
2021-01-07;60+;5065;84573;17857583.105505366
2021-01-07;whole;19699;327815;67114995.0
2021-01-08;0-19;3312;41557;16099691.846810132
2021-01-08;20-59;12032;216066;33157720.0476845
2021-01-08;60+;5118;94016;17857583.105505366
2021-01-08;whole;20467;351726;67114995.0
2021-01-09;0-19;1888;25715;16099691.846810132
2021-01-09;20-59;6993;115218;33157720.0476845
2021-01-09;60+;2644;48462;17857583.105505366
2021-01-09;whole;11528;189427;67114995.0
2021-01-10;0-19;306;4423;16099691.846810132
2021-01-10;20-59;1467;24608;33157720.0476845
2021-01-10;60+;900;13002;17857583.105505366
2021-01-10;whole;2673;42041;67114995.0
2021-01-11;0-19;3955;47580;16099691.846810132
2021-01-11;20-59;16110;233618;33157720.0476845
2021-01-11;60+;7487;118358;17857583.105505366
2021-01-11;whole;27560;399658;67114995.0
2021-01-12;0-19;3270;43607;16099691.846810132
2021-01-12;20-59;12219;199317;33157720.0476845
2021-01-12;60+;6124;96816;17857583.105505366
2021-01-12;whole;21631;339836;67114995.0
2021-01-13;0-19;3406;45175;16099691.846810132
2021-01-13;20-59;11886;185712;33157720.0476845
2021-01-13;60+;5517;83524;17857583.105505366
2021-01-13;whole;20814;314488;67114995.0
2021-01-14;0-19;3186;44379;16099691.846810132
2021-01-14;20-59;12223;197490;33157720.0476845
2021-01-14;60+;5624;82193;17857583.105505366
2021-01-14;whole;21117;324240;67114995.0
2021-01-15;0-19;3930;53167;16099691.846810132
2021-01-15;20-59;12885;208445;33157720.0476845
2021-01-15;60+;5443;90827;17857583.105505366
2021-01-15;whole;22264;352529;67114995.0
2021-01-16;0-19;2264;30871;16099691.846810132
2021-01-16;20-59;7350;118151;33157720.0476845
2021-01-16;60+;2848;50230;17857583.105505366
2021-01-16;whole;12463;199281;67114995.0
2021-01-17;0-19;364;5239;16099691.846810132
2021-01-17;20-59;1647;25702;33157720.0476845
2021-01-17;60+;971;13468;17857583.105505366
2021-01-17;whole;2982;44418;67114995.0
2021-01-18;0-19;4898;55091;16099691.846810132
2021-01-18;20-59;17705;229265;33157720.0476845
2021-01-18;60+;8057;116112;17857583.105505366
2021-01-18;whole;30664;400558;67114995.0
2021-01-19;0-19;3958;51935;16099691.846810132
2021-01-19;20-59;13648;194911;33157720.0476845
2021-01-19;60+;6434;91809;17857583.105505366
2021-01-19;whole;24051;338773;67114995.0
2021-01-20;0-19;4132;52394;16099691.846810132
2021-01-20;20-59;12954;190635;33157720.0476845
2021-01-20;60+;5568;78872;17857583.105505366
2021-01-20;whole;22683;322037;67114995.0
2021-01-21;0-19;3865;55650;16099691.846810132
2021-01-21;20-59;13279;206843;33157720.0476845
2021-01-21;60+;5979;78973;17857583.105505366
2021-01-21;whole;23141;341605;67114995.0
2021-01-22;0-19;4637;66445;16099691.846810132
2021-01-22;20-59;13763;226589;33157720.0476845
2021-01-22;60+;5916;91632;17857583.105505366
2021-01-22;whole;24322;384756;67114995.0
2021-01-23;0-19;2511;33932;16099691.846810132
2021-01-23;20-59;7947;121217;33157720.0476845
2021-01-23;60+;3102;47249;17857583.105505366
2021-01-23;whole;13560;202444;67114995.0
2021-01-24;0-19;402;5630;16099691.846810132
2021-01-24;20-59;1592;23732;33157720.0476845
2021-01-24;60+;966;13157;17857583.105505366
2021-01-24;whole;2962;42531;67114995.0
2021-01-25;0-19;5234;68118;16099691.846810132
2021-01-25;20-59;17958;246587;33157720.0476845
2021-01-25;60+;8489;119561;17857583.105505366
2021-01-25;whole;31688;434361;67114995.0
2021-01-26;0-19;4070;58542;16099691.846810132
2021-01-26;20-59;13426;209657;33157720.0476845
2021-01-26;60+;6333;94597;17857583.105505366
2021-01-26;whole;23843;362879;67114995.0
2021-01-27;0-19;4246;57401;16099691.846810132
2021-01-27;20-59;12720;204024;33157720.0476845
2021-01-27;60+;5613;81654;17857583.105505366
2021-01-27;whole;22588;343165;67114995.0
2021-01-28;0-19;4032;68055;16099691.846810132
2021-01-28;20-59;13623;234474;33157720.0476845
2021-01-28;60+;6274;85641;17857583.105505366
2021-01-28;whole;23933;388266;67114995.0
2021-01-29;0-19;4659;74921;16099691.846810132
2021-01-29;20-59;14088;247073;33157720.0476845
2021-01-29;60+;6050;95710;17857583.105505366
2021-01-29;whole;24806;417814;67114995.0
2021-01-30;0-19;2434;35622;16099691.846810132
2021-01-30;20-59;8130;132198;33157720.0476845
2021-01-30;60+;3186;49769;17857583.105505366
2021-01-30;whole;13753;217638;67114995.0
2021-01-31;0-19;482;6023;16099691.846810132
2021-01-31;20-59;1871;25380;33157720.0476845
2021-01-31;60+;1047;13109;17857583.105505366
2021-01-31;whole;3402;44525;67114995.0
2021-02-01;0-19;5303;70837;16099691.846810132
2021-02-01;20-59;18378;254161;33157720.0476845
2021-02-01;60+;8222;120602;17857583.105505366
2021-02-01;whole;31926;445822;67114995.0
2021-02-02;0-19;4183;69626;16099691.846810132
2021-02-02;20-59;13853;219667;33157720.0476845
2021-02-02;60+;6349;98658;17857583.105505366
2021-02-02;whole;24401;388028;67114995.0
2021-02-03;0-19;4096;62988;16099691.846810132
2021-02-03;20-59;12695;206218;33157720.0476845
2021-02-03;60+;5316;84015;17857583.105505366
2021-02-03;whole;22115;353329;67114995.0
2021-02-04;0-19;3783;71990;16099691.846810132
2021-02-04;20-59;12856;224977;33157720.0476845
2021-02-04;60+;5529;84599;17857583.105505366
2021-02-04;whole;22183;381670;67114995.0
2021-02-05;0-19;4600;82308;16099691.846810132
2021-02-05;20-59;13287;247762;33157720.0476845
2021-02-05;60+;5489;96662;17857583.105505366
2021-02-05;whole;23382;426817;67114995.0
2021-02-06;0-19;2517;41687;16099691.846810132
2021-02-06;20-59;7719;131846;33157720.0476845
2021-02-06;60+;2802;50266;17857583.105505366
2021-02-06;whole;13040;223844;67114995.0
2021-02-07;0-19;424;6333;16099691.846810132
2021-02-07;20-59;1612;24309;33157720.0476845
2021-02-07;60+;840;13082;17857583.105505366
2021-02-07;whole;2877;43733;67114995.0
2021-02-08;0-19;4700;73867;16099691.846810132
2021-02-08;20-59;16664;243636;33157720.0476845
2021-02-08;60+;6850;115256;17857583.105505366
2021-02-08;whole;28229;432874;67114995.0
2021-02-09;0-19;3947;74010;16099691.846810132
2021-02-09;20-59;13337;213908;33157720.0476845
2021-02-09;60+;5299;96113;17857583.105505366
2021-02-09;whole;22588;384162;67114995.0
2021-02-10;0-19;4046;68032;16099691.846810132
2021-02-10;20-59;12174;202394;33157720.0476845
2021-02-10;60+;4750;80174;17857583.105505366
2021-02-10;whole;20978;350717;67114995.0
2021-02-11;0-19;3760;73318;16099691.846810132
2021-02-11;20-59;11800;217484;33157720.0476845
2021-02-11;60+;4728;77920;17857583.105505366
2021-02-11;whole;20294;368850;67114995.0
2021-02-12;0-19;4164;84242;16099691.846810132
2021-02-12;20-59;12703;237453;33157720.0476845
2021-02-12;60+;4649;87135;17857583.105505366
2021-02-12;whole;21520;408936;67114995.0
2021-02-13;0-19;2404;45411;16099691.846810132
2021-02-13;20-59;7295;127525;33157720.0476845
2021-02-13;60+;2446;45735;17857583.105505366
2021-02-13;whole;12147;218718;67114995.0
2021-02-14;0-19;394;6984;16099691.846810132
2021-02-14;20-59;1653;23408;33157720.0476845
2021-02-14;60+;826;12843;17857583.105505366
2021-02-14;whole;2874;43258;67114995.0
2021-02-15;0-19;4678;74796;16099691.846810132
2021-02-15;20-59;17227;241117;33157720.0476845
2021-02-15;60+;6400;111453;17857583.105505366
2021-02-15;whole;28326;427613;67114995.0
2021-02-16;0-19;3819;65787;16099691.846810132
2021-02-16;20-59;13658;209535;33157720.0476845
2021-02-16;60+;5042;90803;17857583.105505366
2021-02-16;whole;22533;366250;67114995.0
2021-02-17;0-19;3930;61833;16099691.846810132
2021-02-17;20-59;13733;201671;33157720.0476845
2021-02-17;60+;4774;79475;17857583.105505366
2021-02-17;whole;22442;343051;67114995.0
2021-02-18;0-19;4075;68654;16099691.846810132
2021-02-18;20-59;14365;221099;33157720.0476845
2021-02-18;60+;4903;77963;17857583.105505366
2021-02-18;whole;23352;367806;67114995.0
2021-02-19;0-19;4638;78266;16099691.846810132
2021-02-19;20-59;15474;243608;33157720.0476845
2021-02-19;60+;5248;88536;17857583.105505366
2021-02-19;whole;25367;410515;67114995.0
2021-02-20;0-19;2677;41799;16099691.846810132
2021-02-20;20-59;8818;129370;33157720.0476845
2021-02-20;60+;2790;46907;17857583.105505366
2021-02-20;whole;14291;218116;67114995.0
2021-02-21;0-19;496;6587;16099691.846810132
2021-02-21;20-59;1982;24681;33157720.0476845
2021-02-21;60+;937;12686;17857583.105505366
2021-02-21;whole;3415;43974;67114995.0
2021-02-22;0-19;5389;59877;16099691.846810132
2021-02-22;20-59;20619;243189;33157720.0476845
2021-02-22;60+;7069;111288;17857583.105505366
2021-02-22;whole;33087;414462;67114995.0
2021-02-23;0-19;4133;49610;16099691.846810132
2021-02-23;20-59;15885;207870;33157720.0476845
2021-02-23;60+;5641;92725;17857583.105505366
2021-02-23;whole;25675;350314;67114995.0
2021-02-24;0-19;4239;48359;16099691.846810132
2021-02-24;20-59;14822;203935;33157720.0476845
2021-02-24;60+;5165;81910;17857583.105505366
2021-02-24;whole;24235;334298;67114995.0
2021-02-25;0-19;4272;53888;16099691.846810132
2021-02-25;20-59;14959;218460;33157720.0476845
2021-02-25;60+;4942;77733;17857583.105505366
2021-02-25;whole;24181;350191;67114995.0
2021-02-26;0-19;4806;63132;16099691.846810132
2021-02-26;20-59;15164;241741;33157720.0476845
2021-02-26;60+;5043;91473;17857583.105505366
2021-02-26;whole;25017;396444;67114995.0
2021-02-27;0-19;2781;32910;16099691.846810132
2021-02-27;20-59;8867;127767;33157720.0476845
2021-02-27;60+;2810;48915;17857583.105505366
2021-02-27;whole;14459;209650;67114995.0
2021-02-28;0-19;516;6414;16099691.846810132
2021-02-28;20-59;1947;25243;33157720.0476845
2021-02-28;60+;830;13090;17857583.105505366
2021-02-28;whole;3295;44762;67114995.0
2021-03-01;0-19;5600;57938;16099691.846810132
2021-03-01;20-59;19687;242031;33157720.0476845
2021-03-01;60+;6534;112377;17857583.105505366
2021-03-01;whole;31832;412435;67114995.0
2021-03-02;0-19;4338;51732;16099691.846810132
2021-03-02;20-59;15108;200829;33157720.0476845
2021-03-02;60+;5152;91608;17857583.105505366
2021-03-02;whole;24610;344241;67114995.0
2021-03-03;0-19;4553;48010;16099691.846810132
2021-03-03;20-59;14610;198162;33157720.0476845
2021-03-03;60+;4431;79465;17857583.105505366
2021-03-03;whole;23603;325731;67114995.0
2021-03-04;0-19;4515;60979;16099691.846810132
2021-03-04;20-59;14655;212485;33157720.0476845
2021-03-04;60+;4565;76842;17857583.105505366
2021-03-04;whole;23744;350419;67114995.0
2021-03-05;0-19;5137;74832;16099691.846810132
2021-03-05;20-59;15344;235802;33157720.0476845
2021-03-05;60+;4998;92009;17857583.105505366
2021-03-05;whole;25517;402818;67114995.0
2021-03-06;0-19;3074;34270;16099691.846810132
2021-03-06;20-59;9608;131490;33157720.0476845
2021-03-06;60+;2949;51177;17857583.105505366
2021-03-06;whole;15634;216973;67114995.0
2021-03-07;0-19;641;6564;16099691.846810132
2021-03-07;20-59;2130;26793;33157720.0476845
2021-03-07;60+;809;13407;17857583.105505366
2021-03-07;whole;3580;46772;67114995.0
2021-03-08;0-19;6435;75206;16099691.846810132
2021-03-08;20-59;21409;249520;33157720.0476845
2021-03-08;60+;6387;111334;17857583.105505366
2021-03-08;whole;34239;436160;67114995.0
2021-03-09;0-19;5505;77036;16099691.846810132
2021-03-09;20-59;16833;209540;33157720.0476845
2021-03-09;60+;5469;90678;17857583.105505366
2021-03-09;whole;27820;377353;67114995.0
2021-03-10;0-19;5656;64003;16099691.846810132
2021-03-10;20-59;17403;210934;33157720.0476845
2021-03-10;60+;5058;80583;17857583.105505366
2021-03-10;whole;28124;355638;67114995.0
2021-03-11;0-19;6308;108845;16099691.846810132
2021-03-11;20-59;19276;246635;33157720.0476845
2021-03-11;60+;5318;79458;17857583.105505366
2021-03-11;whole;30910;435056;67114995.0
2021-03-12;0-19;7104;121356;16099691.846810132
2021-03-12;20-59;19475;271269;33157720.0476845
2021-03-12;60+;5573;96389;17857583.105505366
2021-03-12;whole;32164;489163;67114995.0
2021-03-13;0-19;4313;49583;16099691.846810132
2021-03-13;20-59;13056;156358;33157720.0476845
2021-03-13;60+;3482;55075;17857583.105505366
2021-03-13;whole;20853;261079;67114995.0
2021-03-14;0-19;869;9210;16099691.846810132
2021-03-14;20-59;3125;33586;33157720.0476845
2021-03-14;60+;977;14835;17857583.105505366
2021-03-14;whole;4972;57651;67114995.0
2021-03-15;0-19;8599;113296;16099691.846810132
2021-03-15;20-59;27974;283783;33157720.0476845
2021-03-15;60+;8025;115661;17857583.105505366
2021-03-15;whole;44604;512883;67114995.0
2021-03-16;0-19;7509;123076;16099691.846810132
2021-03-16;20-59;21505;246128;33157720.0476845
2021-03-16;60+;6147;91533;17857583.105505366
2021-03-16;whole;35173;460858;67114995.0
2021-03-17;0-19;7050;87736;16099691.846810132
2021-03-17;20-59;20057;238200;33157720.0476845
2021-03-17;60+;5442;80972;17857583.105505366
2021-03-17;whole;32560;407007;67114995.0
2021-03-18;0-19;7747;136416;16099691.846810132
2021-03-18;20-59;20598;267562;33157720.0476845
2021-03-18;60+;5916;81235;17857583.105505366
2021-03-18;whole;34270;485358;67114995.0
2021-03-19;0-19;8623;152968;16099691.846810132
2021-03-19;20-59;21719;298095;33157720.0476845
2021-03-19;60+;6162;96886;17857583.105505366
2021-03-19;whole;36515;548086;67114995.0
2021-03-20;0-19;5187;61007;16099691.846810132
2021-03-20;20-59;13775;165790;33157720.0476845
2021-03-20;60+;3745;56020;17857583.105505366
2021-03-20;whole;22711;282890;67114995.0
2021-03-21;0-19;1023;11113;16099691.846810132
2021-03-21;20-59;3278;34127;33157720.0476845
2021-03-21;60+;1092;14190;17857583.105505366
2021-03-21;whole;5394;59470;67114995.0
2021-03-22;0-19;11228;146649;16099691.846810132
2021-03-22;20-59;32318;317643;33157720.0476845
2021-03-22;60+;8916;122349;17857583.105505366
2021-03-22;whole;52477;586824;67114995.0
2021-03-23;0-19;9779;154094;16099691.846810132
2021-03-23;20-59;26074;283133;33157720.0476845
2021-03-23;60+;7115;101746;17857583.105505366
2021-03-23;whole;42985;539099;67114995.0
2021-03-24;0-19;9578;116152;16099691.846810132
2021-03-24;20-59;25115;277265;33157720.0476845
2021-03-24;60+;6751;91827;17857583.105505366
2021-03-24;whole;41456;485355;67114995.0
2021-03-25;0-19;9986;168360;16099691.846810132
2021-03-25;20-59;25348;306532;33157720.0476845
2021-03-25;60+;6740;90392;17857583.105505366
2021-03-25;whole;42087;565448;67114995.0
2021-03-26;0-19;10871;180559;16099691.846810132
2021-03-26;20-59;25046;326991;33157720.0476845
2021-03-26;60+;6879;104272;17857583.105505366
2021-03-26;whole;42806;612105;67114995.0
2021-03-27;0-19;6296;78500;16099691.846810132
2021-03-27;20-59;16352;194475;33157720.0476845
2021-03-27;60+;4091;59779;17857583.105505366
2021-03-27;whole;26743;332817;67114995.0
2021-03-28;0-19;1060;11683;16099691.846810132
2021-03-28;20-59;3072;33086;33157720.0476845
2021-03-28;60+;1017;13304;17857583.105505366
2021-03-28;whole;5154;58096;67114995.0
